,name,named_after,label,x,y
0,Massalia,Marseille,city,43.296666666667,5.3763888888889
12,Lutetia,Lutetia,archaeological site,48.8547222222222,2.3475
28,Phocaea,Phocaea,city,38.6675,26.758055555556
38,Nemausa,Nemausus,location of discovery,43.83777778,4.36083333
56,Aegina,Aegina,Greek deity,37.73,23.49
62,Lydia,Lydia,former administrative territorial entity,40,30
70,Austria,Austria,state,48,14
80,Tolosa,Toulouse,city,43.6044444444445,1.44333333333333
90,Juewa,China,region,35105,
93,Polana,Pula,second-level administrative division,44.8702777777778,13.8455555555556
97,Adria,Adriatic Sea,water area,42.775833,15.426111
102,Gallia,Gaul,region,46.5,2.9
117,Garumna,Garonne,stream,42.6178,0.9689
119,Istria,Istria,landform,45,14
122,Phthia,Phthia,region,38.9,22.53333333
126,Pompeja,Pompeii,location of discovery,40.750556,14.489722
132,Lacrimosa,Our Lady of Sorrows,title of a particular person or being,45.62012,7.780625
135,Oceana,Pacific Ocean,marine water body,0,-160
139,Weringia,Währing,political territorial entity,48.2331,16.3147
141,Vindobona,Vienna,big city,48.2083333333333,16.3725
164,Russia,Russia,state,66.4166666666667,94.25
174,Carolina,Caroline Island,landform,-9.955,-150.2125
179,Germania,Germany,state,51,10
190,Ilse,Princess Ilse,natural geographic object,51.850277777778,10.665833333333
194,Oppavia,Opava,municipality of the Czech Republic,49.938055555556,17.904444444444
208,Silesia,Silesia,region,51.1035,17.0396
215,Dresda,Dresden,city,51.05,13.74
222,Bruna,Brno,city,49.195277777778,16.608333333333
238,Brasilia,Brazil,state,-14,-53
245,Bavaria,Bavaria,federated state,49.0786111111111,11.3855555555556
249,Bamberga,Bamberg,city,49.891666666667,10.891666666667
261,Heidelberga,Heidelberg,city,49.412222222222,8.71
270,Svea,Sweden,state,61,15
274,Badenia,Baden,spatial region,49.01666667,8.4
276,Chicago,Chicago,city,41.8819444444444,-87.6277777777778
280,Lacadiera,La Cadière-d'Azur,territorial collectivity of France,43.195833333333,5.7555555555556
287,California,California,electoral unit,37,-120
293,Hermentaria,Herment,territorial collectivity of France,45.753611111111,2.5683333333333
300,Ruperto-Carola,Heidelberg University,public university,49.410277777778,8.7063888888889
310,Liguria,Liguria,first-level administrative division,44.45,8.7666666666667
315,Apollonia,Apollonia,ancient city,40.721672,19.472658
323,Bononia,Bologna,city,44.493888888889,11.342777777778
333,Havnia,Copenhagen,city,55.676111111111,12.568888888889
341,Padua,Padua,city,45.4077777777778,11.8733333333333
351,Isara,Isère,stream,45.4464,7.0928
353,Corduba,Córdoba,LAU 2,37.89,-4.78
358,Bohemia,Bohemia,region,49.833333333333,14.333333333333
362,Palma,Palma,city,39.566666666667,2.6497222222222
374,Campania,Campania,first-level administrative division,40.9105555555556,14.9205555555556
379,Holmia,Stockholm,city,59.329444444444,18.068611111111
389,Huenna,Ven,geographic location,55.905833333333,12.695
393,Dodona,Dodona,location of discovery,39.546389,20.787778
402,Burdigala,Bordeaux,city,44.837777777778,-0.57944444444444
410,Siegena,Siegen,city,50.875555555556,8.0166666666667
417,Aquitania,Gallia Aquitania,administrative territorial entity of ancient Rome,44.837778,-0.579444
419,Alma,Alma,stream,44.8458,33.5928
421,Aeolia,Aeolis,region,39.2,26.7
425,Palatia,Electoral Palatinate,former administrative territorial entity,49.5,8.01666944444444
438,Vaticana,Vatican Hill,landform,41.903611111111,12.450277777778
440,Zahringia,House of Zähringen,noble family,48.0252,7.88406
442,Berolina,Berlin,city,52.516666666667,13.383333333333
464,Hippo,Hippo Regius,ancient city,36.8825,7.75
470,Monachia,Munich,city,48.1375,11.575
486,Hungaria,Hungary,state,47,19
494,Ohio,Ohio,electoral unit,40.5,-82.5
502,Eichsfeldia,Eichsfeld,spatial region,51.33,10.25
508,Hamburga,Hamburg,city,53.55,10
530,Hamiltonia,Mount Hamilton,natural geographic object,37.341666666667,-121.64305555556
532,Bruchsalia,Bruchsal,city,49.133333333333,8.6
536,Alleghenia,Allegheny Observatory,observatory,40.4825,-80.0208
537,Scania,Scania,historical administrative division,55.8,13.61666667
540,Argentina,Argentina,state,-34,-64
548,Kilia,Kiel,city,54.323333333333,10.139444444444
558,Roma,Rome,city,41.893055555556,12.482777777778
573,Tergeste,Trieste,city,45.6502777777778,13.7702777777778
583,Caprera,Caprera,geographic location,41.2,9.4666666666667
587,Pittsburghia,Pittsburgh,city,40.4416666666667,-80
594,Genua,Genoa,city,44.407186111111,8.9339833333333
600,Cremona,Cremona,city,45.1333333333333,10.0247222222222
611,Venetia,Veneto,first-level administrative division,45.733333333333,11.85
616,Tokio,Tokyo,city,35.6894444444445,139.691666666667
635,Princetonia,Princeton University,university,40.345277777778,-74.656111111111
643,Taurinensis,Turin,city,45.0791666666667,7.67611111111111
647,Amherstia,Amherst College,private educational institution,42.370833333333,-72.516944444444
650,Brixia,Brescia,city,45.538888888889,10.220280555556
658,Jena,Jena,city,50.927222222222,11.586388888889
668,Nassovia,Nassau Hall,architectural structure,40.348739,-74.65935
669,Montague,Montague,town,42.53555556,-72.53555556
671,Merapi,Marapi,natural geographic object,-0.38055555555556,100.47333333333
674,Peraga,Peraga,fourth-level administrative division,45.443888888889,11.966388888889
679,Marbachia,Marbach am Neckar,city,48.940555555556,9.2575
682,Kythera,Kythira,geographic location,36.2575,22.9975
686,Tauntonia,Taunton,seat,41.9,-71.090277777778
692,Olympia,Olympia,ancient city,37.6383333333333,21.63
702,Croatia,Croatia,state,45.25,15.466667
709,Triberga,Triberg im Schwarzwald,city,48.130833333333,8.2316666666667
713,Beagle,HMS Beagle,sloop-of-war,51.5958333333333,0.813611111111111
717,Newtonia,Newton,city,42.336944444444,-71.209722222222
727,Interamnia,Teramo,municipality,42.658852777778,13.703911111111
733,Wisibada,Wiesbaden,city,50.0825,8.24
742,Nipponia,Japan,state,35136,
748,Harvard,Harvard University,university,42.374443888889,-71.116943888889
755,Aguntina,Aguntum,location of discovery,46.8278972222222,12.8231138888889
764,Winchester,Winchester,town in the United States,42.452222222222,-71.1375
766,Simeisa,Simeiz,administrative divisions of Russia,44.4052777777778,34.0044444444444
770,Malabar,Gunung Malabar,natural geographic object,-7.13,107.65
773,Portlandia,Portland,seat,43.66,-70.255
779,Mancunia,Manchester,city,53.466666666667,-2.2333333333333
785,Pulcova,Pulkovo Heights,geographic location,59.771811,30.326047
790,Gedania,Gdańsk,city,54.3482907,18.6540233
797,Moguntia,Mainz,city,49.9994444444444,8.27361111111111
805,Armor,Armorica,spatial region,48.16666667,-1
807,Hohensteina,Hohenstein,municipality in Germany,50.193611111111,8.1002777777778
808,Montana,Hamburg-Bergedorf Observatory,observatory,53.48043889,10.24101667
811,Hispania,Spain,state,40.2,-3.5
820,Lundia,Lund Observatory,observatory,55.699722222222,13.187777777778
821,Leontina,Lienz,LAU 2,46.829722222222,12.769722222222
829,Altona,Altona,Stadtbezirk,53.55,9.9333
830,El Djezair,Algiers,city,36.776388888889,3.0586111111111
837,Bouzareah,Bouzareah,third-level administrative division,36.78988,3.01772
840,Alinda,Alinda,location of discovery,37.55833333,27.82361111
845,Leopoldina,German Academy of Sciences Leopoldina,scientific society,51.487453,11.963394
852,America,Americas,continent,19,-96
856,Westphalia,Westphalia,spatial region,52,8
858,Barcelona,Barcelona,city,41.3825,2.1769444444444
864,Gaspra,Gaspra,urban-type settlement,44.436111111111,34.110555555556
866,Alsatia,Alsace,region,48.5,7.5
871,McDonalda,McDonald Observatory,observatory,30.6714,-104.022
872,La Paz,La Paz,city,-16.4958333333333,-68.1333333333333
875,Arcadia,Arcadia Regional Unit,former administrative territorial entity,37.4936,22.3559
882,La Plata,La Plata,city,-34.933333333333,-57.95
889,Arctica,Arctic Ocean,marine water body,90,0
893,Sonneberga,Sonneberg,city,50.35,11.1666666666667
898,Feodosia,Feodosiia,ancient city,45.048888888889,35.379166666667
912,Belgica,Belgium,state,50.641111111111,4.6680555555556
918,Brita,Great Britain,geographic location,53.833333333333,-2.4166666666667
922,Gellivara,Gällivare,administrative territorial entity,67.1333333333333,20.65
926,Mitaka,Mitaka,city,35.6835555555556,139.559527777778
930,Tama,Tama River,stream,35.521783333333,139.79833333333
932,Sumida,Sumida River,stream,35.718611111111,139.80722222222
934,Siberia,Siberia,spatial region,60105,
936,Hakone,Hakone,physical location,35.1894444444445,139.024722222222
943,Sequoia,Sequoia National Park,national park,36.5647222222222,-118.772777777778
954,Jaroslawa,Jarosław,city,50.01623,22.67776
956,Polonia,Poland,state,52,19
960,Lorraine,Lorraine,region,48.6,6.4872222222222
961,Euboea,Euboea,geographic location,38.5,24
965,China,People's Republic of China,state,35.8447222222222,103.451944444444
969,Hollandia,Holland,region,52.25,4.667
975,Lugduna,Leiden,city,52.16,4.49
988,Colchis,Colchis,former administrative territorial entity,42.26666667,42
992,Attica,Attica Province,former administrative territorial entity,37.954,23.9407
994,Crimea,Crimea,landform,45,34
999,Aetolia,Aetolia,region,38.616666666667,21.4
1004,Robelmonte,Robelmont,human settlement,49.5953,5.5083
1010,Stavropolis,Stavropol,city,45.05,41.983333333333
1018,Volga,Volga,stream,57.251331194444,32.467965694444
1020,Achaia,Achaea Regional Unit,second-level administrative division,38.086811,21.859839
1024,Ithaka,Ithaca,ancient city,38.416666666667,20.666666666667
1030,Arabia,Arabian Peninsula,region,23,46
1035,Granada,Granada,LAU 2,37.175,-3.6
1040,Illyria,Illyria,region,40.8,19.8
1047,Thessalia,Thessaly,region,39.6,22.2
1054,Larissa,Larissa,city,39.638493,22.413061
1061,Marmara,Sea of Marmara,sea,40.75,28
1062,Nikko,Nikko,city,36.7198333333333,139.698166666667
1068,Gothlandia,Catalonia,political territorial entity,41.85,1.56666666666667
1075,Alfaterna,Nocera Inferiore,municipality,40.75,14.633333333333
1078,Africa,Africa,spatial region,21.09375,7.1881
1083,Orangia,Free State,electoral unit,-28,27
1088,Rhodesia,Rhodesia,historical country,-20.5,28.5833333333333
1090,Geldonia,Jodoigne,city,50.716666666667,4.8666666666667
1098,Algeria,Algeria,state,28,1
1105,Neckar,Neckar,stream,49.511944,8.437222
1107,Predappia,Predappio,municipality,44.104166666667,11.985
1110,Zambesia,Zambezi River,stream,-11.3702,24.3083
1112,Deira,Kingdom of Deira,former administrative territorial entity,54,-0.5
1115,Calvinia,Calvinia,city or town,-31.4674,19.7742
1117,Frisia,Frisia,territory,53.4833333333333,7.56666666666667
1118,Erfordia,Erfurt,city,50.9780555555556,11.0288888888889
1128,Sicilia,Sicily,region,37.599958333333,14.015377777778
1130,Ogyalla,Hurbanovo,city or town,47.876111111111,18.197222222222
1136,Walhalla,Walhalla memorial,roll,49.031486111111,12.224088888889
1140,Legia,Liège,city,50.6397222222222,5.57055555555556
1156,Varsavia,Warsaw,city,52.23,21.0111111111111
1173,Letaba,Letaba River,stream,-23.9894,31.8267
1175,Tone,Tone River,stream,37.054416666667,139.1015
1177,Libya,Libya,state,27,17
1183,Ucclia,Uccle,LAU 2,50.8036111111111,4.33388888888889
1189,Kenya,Kenya,state,0.1,38
1193,Uganda,Uganda,state,1.28,32.39
1200,Latvia,Latvia,state,57,25
1205,Kutaissi,Kutaisi,city,42.2716666666667,42.7055555555556
1210,Antwerpia,Antwerp,city,51.2211111111111,4.39972222222222
1222,Werra,Werra,stream,50.4997,10.96478
1224,Arosa,Arosa,city or town,46.783055555556,9.6830555555556
1229,Pongola,Pongola River,stream,-26.855833333333,32.346388888889
1231,Scythia,Scythia,former administrative territorial entity,44.94278,34.12056
1237,Vassar,Vassar College,private educational institution,41.686866666667,-73.895188888889
1240,Berna,Bern,city,46.94798,7.44743
1257,Silvretta,Silvretta Alps,mountain range,46.866667,10.116667
1262,Tugela,Tugela River,stream,-28.75,28.895833333333
1264,Knysna,Knysna,city or town,-34.035555555556,23.048888888889
1266,Inanda,Inanda,ghetto,-29.683333333333,30.933333333333
1267,Losaka,Lusaka,city,-15.416666666667,28.283333333333
1273,Cevenola,Cévennes,landform,44.42623611,3.73926389
1276,Zeelandia,Zeeland,political territorial entity,51.566666666667,3.75
1282,Brabantia,Duchy of Brabant,former administrative territorial entity,50.8,4.3
1290,Potomac,Potomac River,stream,39.5283333333333,-78.5877777777778
1293,Gotha,Gotha,city,50.948888888889,10.718333333333
1298,Bechuana,Bechuanaland Protectorate,former administrative territorial entity,-24.65348,25.904399
1300,Uzbekistania,Uzbekistan,state,41,66
1306,Wawel,Wawel Castle,fortification,50.0544,19.9366
1307,Nyanza,Nyanza Province,former administrative territorial entity,-0.5,34.666666666667
1310,Prieska,Prieska,city or town,-29.668333333333,22.743888888889
1312,Nongoma,Nongoma,city or town,-27.883333333333,31.633333333333
1314,Numidia,Kingdom of Numidia,former administrative territorial entity,35.5,7.3
1316,Cincinnati,Cincinnati Observatory,observatory,39.138611,-84.422778
1317,Danubia,Danube,stream,45.2219444444444,29.7433333333333
1321,Limburgia,Limburg,political territorial entity,51.2166666666667,5.93333333333333
1327,Gelria,Gelderland,political territorial entity,52.0833,5.9167
1333,Kama,Kama,stream,55.363888888889,49.997777777778
1335,Abastumani,Abastumani,geographical feature,41.7521944444444,42.8330833333333
1343,Carelia,Karelia,region,63,32
1348,Sofala,Sofala,first-level administrative division,-19,34.75
1351,Aribeda,Astronomical Calculation Institute,observatory,49.417743,8.688121
1354,Outeniqua,Outeniqua Mountains,landform,-33.75,23
1357,Umtata,Mthatha,city or town,-31.5886111111111,28.79
1359,Teneriffa,Tenerife,physical location,28.268611111111,-16.605555555556
1366,Radcliffe,Radcliffe College,higher education institution,42.381927,-71.124694
1368,Tuorla,Tuorla Observatory,observatory,60.41583333,22.44333333
1369,Riviera,French Riviera,shore,43.32,6.665
1370,Ruvuma,Ruvuma River,stream,-10.75,35.6667
1372,Mombasa,Mombasa,city,-4.05,39.666666666667
1379,Pemba,Pemba Island,geographic location,-5.2166666666667,39.733333333333
1383,Somalia,Somalia,state,6,47
1390,Luanda,Luanda,city,-8.83833333333333,13.2344444444444
1398,Ethiopia,Ethiopia,state,9,40
1404,Salonta,Salonta,human settlement,46.8,21.65
1408,Ruppina,Neuruppin,city,52.922222222222,12.8
1414,Pannonia,Pannonia,administrative territorial entity of ancient Rome,44.9,19.02
1416,Utra,Utra,human-geographic territorial entity,62.6216666666667,29.8666666666667
1418,Fennia,Finland,state,65,27
1424,Saldanha,Saldanha,city or town,-32.997777777778,17.945555555556
1426,Ankara,Ankara,city,39.93576,32.83869
1433,Haltia,Halti,hill,69.312777777778,21.285555555556
1435,Armisticia,Armistice of Compiègne,modus vivendi,49.4275,2.90611111111111
1439,Autonoma,University of El Salvador,university,13.7181333333333,-89.2029527777778
1441,Linzia,Linz,city,48.3058333333333,14.2863888888889
1453,Tornio,Tornio,city or town,65.8497302,24.1440916
1462,Muonio,Muonio,municipality,67.9592753,23.6772233
1467,Ounas,Ounasjoki,stream,66.833333333333,25.416666666667
1469,Inkeri,Ingria,region,59.6333,29.3
1473,Aunus,Olonets,administrative territorial entity,60.983333333333,32.966666666667
1480,Tubingia,Tübingen,city,48.52,9.0555555555556
1490,Aura,Aura River,stream,60.431630555556,22.226922222222
1492,Limpopo,Limpopo River,stream,-24.1912,26.8706
1494,Savo,Savonia,province,62.583333333333,27.816666666667
1495,Helsinki,Helsinki,city,60.1708333333333,24.9375
1508,Turku,Turku,city,60.4516666666667,22.2669444444444
1517,Tampere,Tampere,city,61.4980555555556,23.76
1526,Lahti,Lahti,city,60.9803806,25.654988
1535,Pori,Pori,city,61.4866666666667,21.7975
1544,Jyvaskyla,Jyväskylä,city,62.2402777777778,25.7444444444444
1553,Kuopio,Kuopio,city,62.8925,27.678333333333
1562,Lappeenranta,Lappeenranta,city,61.058333333333,28.186111111111
1571,Vaasa,Vaasa,city,63.0958333333333,21.6152777777778
1580,Oulu,Oulu,city,65.0141666666667,25.4719444444444
1589,Matra,Mátra,landform,47.883333333333,19.95
1595,Beograd,Belgrade,city,44.8177777777778,20.4569444444444
1606,Rovaniemi,Rovaniemi,city,66.5027903,25.7284789
1615,Kajaani,Kajaani,city or town,64.225,27.7333333333333
1622,Imatra,Imatra,city or town,61.193055555556,28.776388888889
1629,Seinajoki,Seinäjoki,city,62.790277777778,22.840277777778
1638,Kokkola,Kokkola,city or town,63.8375831,23.1319617
1645,Pieksamaki,Pieksämäki,city or town,62.3002777777778,27.1641666666667
1652,Joensuu,Joensuu,city,62.6,29.7638888888889
1661,Savonlinna,Savonlinna,city,61.8680555555556,28.8861111111111
1670,Mikkeli,Mikkeli,city,61.6875,27.273611111111
1679,Inari,Lake Inari,landform,68.9596511,27.6017069
1686,Saimaa,Saimaa,landform,61.25,28.25
1690,Nasi,Näsijärvi,landform,61.566666666667,23.766666666667
1694,Paijanne,Päijänne,landform,61.583333333333,25.5
1698,Pielinen,Pielinen,landform,63.25,29.666666666667
1702,Transylvania,Transylvania,region,46.766666666667,23.583333333333
1706,Kevola,Kevola Observatory,observatory,60.42,22.765
1707,Estonia,Estonia,state,59,26
1714,Yugoslavia,Yugoslavia,former administrative territorial entity,44.820555555556,20.462222222222
1716,Wingolfia,Heidelberger Wingolf,corporation,49.41656774,8.71087074
1717,Srbija,Serbia,state,43.95,20.933333333333
1719,Brunonia,Brown University,university,41.8261111111111,-71.4030555555556
1727,Posnania,Poznań,city,52.4083333333333,16.9336111111111
1734,Fuji,Mount Fuji,natural geographic object,35.3605555555556,138.7275
1747,Union,Union Observatory,observatory,-26.18425,28.074227777778
1748,Fagnes,Fagne,territory,50.195556,4.729444
1749,Tanga,Tanga,city,-5.0666666666667,39.1
1756,Giomus,Gien,territorial collectivity of France,47.698055555556,2.625
1763,Indiana,Indiana,electoral unit,39.933333333333,-86.216666666667
1769,Neva,Neva,stream,59.9567,31.0456
1771,Druzhba,Khutir-Mykhailivskyi,city,52.047785912883,33.939769515141
1775,Chimay,Chimay,city,50.0479266,4.3173338
1783,Ndola,Ndola,city,-12.9688888888889,28.6325
1788,Ruanda,Ruanda-Urundi,former administrative territorial entity,-2.7,29.9
1796,Tana,Tana River,stream,-2.5316666666667,40.527777777778
1800,Punkaharju,Punkaharju,former municipality,61.75,29.4
1802,Kariba,Lake Kariba,artificial lake,-17,28
1804,Iguassu,Iguaçu Falls,point of interest,-25.695277777778,-54.436666666667
1810,Glarona,Canton of Glarus,human-geographic territorial entity,46.983333333333,9.0666666666667
1820,Zvezdara,Zvezdara City Municipality,second-level administrative division,44.78333333,20.53333333
1823,Okavango,Okavango River,stream,-12.653801,16.127178
1825,Kalahari,Kalahari Desert,landform,-23,22
1831,Ukraina,Ukraine,state,49,32
1833,Angola,Angola,state,-12.35,17.35
1837,Arlon,Arlon,city,49.67728,5.79505
1841,Namibia,Namibia,state,-23,17
1846,CrAO,Crimean Astrophysical Observatory,observatory,44.726666666667,34.015861111111
1847,Goethe Link,Goethe Link Observatory,observatory,39.55,-86.395
1848,ITA,Institute of Theoretical Astronomy of the Russian Academy of Sciences,scientific organization,59.94924444,30.34499167
1850,Floirac,Floirac,territorial collectivity of France,44.836388888889,-0.52583333333333
1857,Porvoo,Porvoo,city,60.3930555555556,25.6638888888889
1866,Appenzella,Appenzell,historical administrative division,47.346111111111,9.3419444444444
1870,Zimmerwald,Zimmerwald,locality,46.883333333333,7.4666666666667
1877,Parana,Paraná River,stream,-20.085,-51.0006
1879,Benguella,Benguela,city,-12.55,13.416666666667
1884,Raahe,Raahe,city or town,64.684722222222,24.479166666667
1891,Chiny,Chiny,city,49.738333333333,5.3433333333333
1899,Reni,Reni,city,45.454028,28.280667
1905,Riga,Riga,city,56.9475,24.106944444444
1911,Titicaca,Titicaca,point of interest,-15.825,-69.325
1918,Slovakia,Slovakia,state,49,20
1927,Liberia,Liberia,state,6.533333,-9.75
1932,Katanga,Katanga Province,region,-9,26
1940,Ragazza,Bad Ragaz,LAU 2,46.999722222222,9.5
1943,Broederstroom,Broederstroom,city or town,-25.813611111111,27.871388888889
1945,Rauma,Rauma,city or town,61.116666666667,21.5
1952,Rimito,Rymättylä,former municipality,60.376388888889,21.941666666667
1954,Virton,Virton,city,49.5675,5.5325
1962,Moravia,Moravia,region,49.5,17
1970,Adzhimushkaj,Aji-Mushkay Quarry,point of interest,45.38096944,36.52344722
1974,Hartbeespoortdam,Hartbeespoort Dam,architectural structure,-25.7256305555556,27.8483777777778
1979,Cuyo,Universidad Nacional de Cuyo,publishing company,-32.8804333333333,-68.8777333333333
1982,Aiguillon,Aiguillon,territorial collectivity of France,44.300555555556,0.3375
1989,Summa,Battle of Summa,combat,60.507342,29.012389
1994,Kollaa,Kollaa,stream,62.017631,31.908152
1996,Lucerna,Lucerne,LAU 2,47.0523,8.3059
2002,Lugano,Lugano,city,46.010277777778,8.9625
2013,Locarno,Locarno,LAU 2,46.166388888889,8.7997222222222
2018,Lausanna,Lausanne,city,46.533333333333,6.6333333333333
2027,Jablunka,Jablůnka,municipality,49.383546779022,17.950228327352
2032,Iso-Heikkila,Iso-Heikkilä,municipal district of Finland,60.447,22.227
2033,Artek,Artek,building complex,44.54972222,34.29972222
2037,Angara,Angara,stream,51.866666666667,104.81944444444
2039,Bezovec,Bezovec,natural geographic object,48.6730555555556,17.975
2041,Sumeria,Sumer,region,32,45.5
2050,Tatry,High Tatras,physical location,49.166666666667,20.133333333333
2058,Basilea,Basel,city,47.560555555556,7.5905555555556
2068,Peking,Beijing,capital city,39.90403,116.407526
2069,Leningrad,Saint Petersburg,city,59.95,30.316666666667
2084,Palala,Palala River,stream,-23.08388889,27.89444444
2086,Kiangsu,Jiangsu,province,33120,
2088,Nanking,Nanjing,city,32.0608333333333,118.778888888889
2105,Jihlava,Jihlava,municipality of the Czech Republic,49.400277777778,15.590555555556
2121,Sazava,Sázava,stream,49.671872,15.93552
2123,Okayama,Okayama,city,34.6551111111111,133.919583333333
2135,Henan,Henan,province,33.9,113.5
2137,Genichesk,Henichesk,city,46.176944444444,34.798888888889
2141,Magnitka,Magnitogorsk,city,53.383333333333,59.033333333333
2148,Toronto,University of Toronto,public university,43.662917,-79.395746
2153,Mtskheta,Mtskheta,city,41.8430555555556,44.7194444444444
2158,Danmark,Denmark,territory,56,10
2169,Flagstaff,Flagstaff,city,35.199166666667,-111.63111111111
2177,Tyumenia,Tyumen Oblast,federal subject of Russia,57.833333333333,69
2179,Sevastopol,Sevastopol,city,44.605,33.5225
2180,Vltava,Vltava,stream,48.858945,13.893092
2182,Makharadze,Ozurgeti,city,41.9230277777778,42.0050277777778
2187,Kemerovo,Kemerovo Oblast,federal subject of Russia,55.355,86.09
2189,Simferopol,Simferopol,city,44.948376,34.100039
2204,Anhui,Anhui,province,31.833333333333,117
2206,Taiwan,Taiwan,state,24121,
2217,Byelorussia,Belarus,state,53.528333333333,28.046666666667
2226,Kiev,Kyiv,city,50.45,30.523611111111
2240,Kazakhstania,Kazakhstan,state,48,68
2248,Fujian,Fujian,province,25.9,118.3
2250,Guangdong,Guangdong,province,23.4,113.5
2252,La Silla,La Silla Observatory,observatory,-29.2575,-70.7375
2253,Orlenok,Orlyonok,summer camp program,44.258333,38.816667
2256,Uppsala,Uppsala,city,59.849760548324,17.638946597524
2264,Pyatigoriya,Pyatigorsk,administrative territorial entity,44.033333,43.05
2270,Shanghai,Shanghai,city,31.2322222222222,121.469166666667
2282,Klet,Kleť Observatory,observatory,48.863909,14.284658
2283,Pasadena,Pasadena,city,34.1475,-118.143888888889
2287,Oljato,Oljato–Monument Valley,geographic location,37.01056,-110.2425
2292,Gabrova,Gabrovo,seat,42.874242,25.31784
2301,Tianjin,Tianjin,city,39.146666666667,117.20555555556
2314,Sichuan,Sichuan,province,30103,
2316,Kerch,Kerch,city,45.338611111111,36.468055555556
2329,Wotho,Wotho Atoll,human-geographic territorial entity,10.1,165.96666666667
2332,Tucson,Tucson,city,32.221666666667,-110.92638888889
2339,Yunnan,Yunnan,province,25.0494444444444,102.708888888889
2341,Altaj,Altai Republic,federated state,50.85,86.9
2343,Vittore,San Vittore Observatory,observatory,44.468288888889,11.341830555556
2344,Balaton,Lake Balaton,protected area,46.85,17.72
2352,Hiroshima,Hiroshima,city,34.38525,132.455305555556
2362,Stalingrad,Volgograd,city,48.7086111111111,44.5147222222222
2370,CERGA,Centre de recherches en géodynamique et astrométrie,observatory,43.752941,6.922597
2371,Qinghai,Qinghai,province,35,96
2373,Viipuri,Vyborg,administrative territorial entity,60.7105555555556,28.7497222222222
2384,Sofievka,Sofiyivsky Park,facility,48.763055555556,30.2225
2394,Shaanxi,Shaanxi,province,34.266666666667,108.9
2396,Kiso,Kiso Observatory,observatory,35.797222222222,137.62541666667
2397,Kalmykia,Kalmykia,federated state,46.566666666667,45.316666666667
2399,Karolinum,Karolinum,geographical feature,50.08635833,14.42338611
2403,Kevo,Kevo Strict Nature Reserve,nature reserve,69.58083333,26.71555556
2407,Seili,Själö,geographic location,60.24,21.961666666667
2411,Daghestan,Dagestan,federated state,42.9838888888889,47.505
2413,Hanko,Hanko,city or town,59.8236111111111,22.9680555555556
2420,Czechoslovakia,Czechoslovakia,former administrative territorial entity,50.083333333333,14.416666666667
2422,Luznice,Lužnice,stream,48.5955555555556,14.7372222222222
2424,Kitt Peak,Kitt Peak National Observatory,observatory,31.958333333333,-111.59666666667
2425,Tololo,Cerro Tololo Inter-American Observatory,observatory,-30.169661111111,-70.806525
2431,Ontake,Mount Ontake,volcanic landform,35.892777777778,137.48027777778
2437,Xinjiang,Xinjiang,province-level division,43.8253,87.61379
2439,Boubin,Boubín,natural geographic object,48.991111111111,13.818333333333
2441,Aoluta,Astronomical Institute,observatory,59.88,29.827
2442,Siding Spring,Siding Spring Observatory,observatory,-31.272,149.0616
2443,Xizang,Tibet Autonomous Region,province-level division,31.705556,86.940278
2445,Nei Monggol,Inner Mongolia,province-level division,44113,
2447,Volgo-Don,Volga–Don Canal,canal,48.57,44.15
2449,Praha,Prague,city,50.0875,14.4213888888889
2483,Heilongjiang,Heilongjiang,province,48129,
2485,Xi'an,Xi'an,city,34.2611111111111,108.942222222222
2499,Nezarka,Nežárka,stream,49.187421,15.064883
2501,Kochi,Kochi,city,33.5588333333333,133.531222222222
2509,Lappajarvi,Lake Lappajärvi,crater lake,63.1351067,23.6423597
2511,Jilin,Jilin,province,43.884166666667,125.30833333333
2513,Sumava,Bohemian Forest,landform,49,13.5
2520,Antarctica,Antarctica,spatial region,-90,0
2526,Moldavia,Moldova,state,47.25,28.516667
2528,Tautenburg,Tautenburg,municipality in Germany,50.990555555556,11.715555555556
2529,Shenzhen,Shenzhen,city,22.535,114.054
2547,Kronstadt,Kronstadt,administrative territorial entity,59.9908333333333,29.7747222222222
2549,Mitlincoln,MIT Lincoln Laboratory,architectural structure,42.459,-71.2674
2555,Tadjikistan,Tajikistan,state,38.583333,71.366667
2562,Agematsu,Agematsu,second-level administrative division,35.7826111111111,137.693388888889
2565,Ultrajectum,Utrecht,LAU 2,52.0908333333333,5.12166666666667
2571,Tokai,Tokai,city,35.0230555555556,136.902194444444
2575,Sodankyla,Sodankylä,municipality,67.4149202,26.5906737
2580,Metsahovi,Metsähovi Radio Observatory,observatory,60.21805556,24.39388889
2581,Noviomagum,Nijmegen,LAU 2,51.8475,5.8625
2588,Lohja,Lohja,city or town,60.25,24.0666666666667
2595,Nummela,Nummela,geographical feature,60.3339,24.3206
2598,Liaoning,Liaoning,province,41.803888888889,123.42583333333
2600,Hebei,Hebei,province,38.042222222222,114.50861111111
2602,Alupka,Alupka,administrative territorial entity,44.419722222222,34.043055555556
2609,Chukotka,Chukotka Autonomous Okrug,okrug,66.252778,172.001
2612,Shandong,Shandong,province,36.4,118.4
2614,Tavastia,Tavastia,province,62.17,24.565555555556
2615,Taiyuan,Taiyuan,city,37.87326,112.54245
2619,Novorossijsk,Novorossiysk,city,44.716666666667,37.766666666667
2636,Budovicium,České Budějovice,municipality of the Czech Republic,48.974722222222,14.474722222222
2651,Shipka,Shipka (peak),geographic location,42.748333333333,25.321944444444
2655,Cambridge,Cambridge,city,52.208055555556,0.1225
2672,Hameenlinna,Hämeenlinna,city,60.9944444444445,24.4666666666667
2683,Ningxia,Ningxia,province-level division,38.46654,106.27056
2685,Kirghizia,Kyrgyzstan,state,41,75
2692,Geisei,Geisei,second-level administrative division,33.5268888888889,133.808888888889
2695,Ladoga,Lake Ladoga,landform,60.8427777777778,31.4597222222222
2699,Bulgaria,Bulgaria,state,42.75,25.5
2706,Harimaya-Bashi,Harimayabashi Bridge,geographic location,33.559944,133.542639
2709,Turkmenia,Turkmenistan,state,39,60
2715,Irpedina,Irkutsk State Pedagogical College,research institute,52.2925,104.28638889
2718,Hunan,Hunan,province,27.4,111.8
2720,Buryatia,Buryatia,federated state,53.8,109.33333333333
2722,Veseli,Veselí nad Lužnicí,municipality of the Czech Republic,49.184368900539,14.697355580068
2730,Odessa,Odesa,city,46.47747,30.73262
2734,Yakutia,Sakha,federated state,66.4,129.16666666667
2736,Tuva,Tuva,federated state,51.783333333333,94.75
2738,Plzen,Plzeň,city,49.741388888889,13.3825
2758,Coonabarabran,Coonabarabran,city or town,-31.25,149.26666666667
2763,Zhejiang,Zhejiang,province,30.266666666667,120.15
2765,Evenkia,Evenk Autonomous Okrug,historical administrative division,64100,
2769,Bashkiria,Bashkortostan,federated state,54.466666666667,56.266666666667
2771,Tataria,Tatarstan,federated state,55.55,50.933333333333
2773,Chuvashia,Chuvashia,federated state,55.459444,47.096111
2775,Pisek,Písek,municipality of the Czech Republic,49.30888068684,14.147530601921
2786,Aarhus,Aarhus,city,56.156388888889,10.209722222222
2787,Aavasaksa,Aavasaksa,natural geographic object,66.397816,23.725325
2790,Kittisvaara,Kittisvaara,natural geographic object,66.8074533,24.0070275
2792,Bruxelles,Brussels,city,50.84668,4.3525
2796,Ristiina,Ristiina,former municipality,61.506944444444,27.255555555556
2798,Yan'an,Yan'an,city,36.59523,109.48628
2802,Pino Torinese,Pino Torinese,municipality,45.039547,7.777125
2805,Azerbajdzhan,Azerbaijan,state,40.3,47.7
2809,Baikonur,Baikonur Cosmodrome,launch site,45.9648,63.3051
2811,Cherson,Kherson,city,46.6425,32.625
2815,Ueferji,Federal University of Rio de Janeiro,publishing company,-22.8625,-43.223888888889
2818,Luxembourg,Luxembourg,state,49.77,6.13
2820,Suzhou,Suzhou,city,31.3,120.619444444444
2824,Urumqi,Ürümqi,city,43.8225,87.6125
2828,Hamina,Hamina,city or town,60.569722222222,27.198055555556
2835,Kotka,Kotka,city,60.466666666667,26.945833333333
2844,Chengdu,Chengdu,million city,30.66,104.063333333333
2858,Hissao,Gissar Observatory,observatory,38.48972222,68.68277778
2859,Cesky Krumlov,Český Krumlov,municipality of the Czech Republic,48.810990441614,14.31520771066
2870,Loviisa,Loviisa,city or town,60.4569444444444,26.225
2877,Kacha,Kacha,urban-type settlement,44.775277777778,33.543888888889
2881,Dinant,Dinant,city,50.256388888889,4.9136111111111
2890,Tenojoki,Tana,stream,70.5,28.3959
2894,Baikal,Lake Baikal,landform,53.30277778,108.00472222
2898,Tangshan,Tangshan,city,39.6294444444444,118.173888888889
2904,Tovarishch,Gorch Fock I,sailing ship,54.316666666667,13.098333333333
2906,Andenne,Andenne,city,50.483333333333,5.1
2914,Foshan,Foshan,city,23.029167,113.105556
2918,Paradise,Paradise,town,39.759722222222,-121.62138888889
2925,Valdaj,Valdai Hills,landform,57,33.5
2933,Graz,Graz,city,47.0708333333333,15.4386111111111
2946,Stremchovi,Střemchoví,administrative territorial entity of the Czech Republic,49.3617,16.3675
2950,Iisalmi,Iisalmi,city or town,63.5566666666667,27.1883333333333
2957,Greenwich,Royal Observatory,observatory,51.4778333333333,-0.00138888888888889
2960,Kallavesi,Kallavesi,landform,62.816666666667,27.783333333333
2964,Puijo,Puijo,landform,62.909444444444,27.655833333333
2966,Harbin,Harbin,city,45.75,126.63333333333
2973,Nepryadva,Nepryadva,stream,53.66666667,38.65
2975,Nihondaira,Nihondaira,landform,34.97555556,138.46694444
2978,Vilyujsk,Vilyuysk,administrative territorial entity,63.75,121.61666666667
2985,Kakhovka,Kakhovka,city,46.8,33.466666666667
2989,Zhuhai,Zhuhai,city,22.2741666666667,113.571944444444
2995,Caltech,California Institute of Technology,private educational institution,34.1375,-118.125
3000,Shimoyama,Shimoyama,former municipality,35.0407222222222,137.318777777778
3002,Yoshkar-Ola,Yoshkar-Ola,city,56.632777777778,47.895833333333
3009,Glarnisch,Glärnisch,natural geographic object,46.998611111111,8.9986111111111
3013,Dikan'ka,Dykanka,geographical feature,49.82223788337,34.5340800266
3018,Mitake-mura,Mitake,former municipality,35.8461944444444,137.62625
3020,Naerum,Nærum,geographical feature,55.8181,12.5344
3023,Hopi,Hopi people,population group,35.87083333,-110.61833333
3024,Coconino,Coconino County,county of the United States,35.7,-111.5
3025,Muchachos,Roque de los Muchachos,natural geographic object,28.754166666667,-17.884722222222
3027,Ohtaki,Otaki,second-level administrative division,35.8093333333333,137.55075
3030,Katsurahama,Katsurahama,geographic location,33.497194444444,133.57502777778
3032,Korsunia,Korsun-Shevchenkivskyi,city,49.426111111111,31.280555555556
3036,Murmansk,Murmansk,administrative territorial entity,68.966666666667,33.083333333333
3044,Poltava,Poltava,second-level administrative division,49.5894444444444,34.5513888888889
3047,Livadia,Livadiya,urban-type settlement,44.470833333333,34.143888888889
3049,Coventry,Coventry,city,52.416666666667,-1.5166666666667
3055,Chongqing,Chongqing,municipality,29.55,106.50694444444
3058,Minsk,Minsk,city,53.902246,27.561837
3068,Meuse,Meuse,stream,51.866389,4.018889
3072,Hainan,Hainan,province,20.03342,110.32398
3076,Holbaek,Holbæk,city,55.7181,11.7103
3080,San Diego,San Diego,city,32.715,-117.1625
3090,Guangzhou,Guangzhou,city,23.13,113.26
3099,Kuzbass,Kuznetsk Basin,sedimentary basin,55.35444444,86.08861111
3100,Nantong,Nantong,city,31.98288,120.8873
3104,Vilnius,Vilnius,city,54.6872222222222,25.28
3109,OAFA,Félix Aguilar Observatory,observatory,-31.8023,-69.3265
3110,Jinxiuzhonghua,Splendid China Folk Village,park,22.535,113.98361111
3112,Eger,Eger,city,47.898888888889,20.374722222222
3117,Misuzu,Shinano Province,former administrative territorial entity,36.238624,137.968871
3120,Tamines,Tamines,human settlement,50.4317,4.6117
3123,Kansas,Kansas,electoral unit,38.5,-98
3129,Sendai,Sendai,city,38.2682222222222,140.869416666667
3137,Anshan,Anshan,city,41.10662,122.98945
3141,Horky,Horky,municipality,49.868815838289,15.439849104856
3146,Ciney,Ciney,city,50.2964,5.1003
3154,Shantou,Shantou,city,23.3538888888889,116.682222222222
3158,Stellafane,Stellafane Observatory,observatory,43.278278,-72.519475
3160,Tosa,Tosa Province,former administrative territorial entity,33.61638889,133.40083333
3163,Anga,Anga,locality,53.982131,106.187452
3166,Mikawa,Mikawa Province,former administrative territorial entity,35.026389,137.401667
3169,Klondike,Klondike Gold Rush,occurrent,64.034916666667,-139.28596111111
3170,Lomnicky Stit,Lomnický Štít Observatory,observatory,49.1967,20.22
3172,Chillicothe,Chillicothe,seat,39.336388888889,-82.983888888889
3178,Shimanto,Shimanto River,stream,32.933272222222,132.99628055556
3180,Dalian,Dalian,city,38.9,121.6
3190,Penza,Penza,city,53.2,45
3198,Svanetia,Svaneti,spatial region,42.916388888889,43.011388888889
3200,Wuhan,Wuhan,city,30.5872222222222,114.288055555556
3210,Smolensk,Smolensk,city,54.782777777778,32.045277777778
3214,Changshi,Changshu,county-level division,31.65,120.733333
3215,Irkutsk,Irkutsk,city,52.2891666666667,104.28
3220,Solnhofen,索尔恩霍芬,municipality in Germany,48.8963888888889,10.9938888888889
3221,Brest,Brest,city,52.084722222222,23.656944444444
3225,Meizhou,Meizhou,city,24.29977,116.11913
3229,Bakhchisaraj,Bakhchysarai,administrative territorial entity,44.752777777778,33.860833333333
3239,Musashino,Musashino,city,35.7177222222222,139.566055555556
3243,Miune,Mount Miune,natural geographic object,33.839444444444,133.9875
3245,Bounty,HMS Bounty,disaster remains,-25.0686111111111,-130.095277777778
3252,Maillen,Maillen,human settlement,50.378611111111,4.9705555555556
3258,Porta Coeli,Porta coeli Convent,architectural structure,49.3531,16.4008
3264,Azabu,Azabu,human-geographic territorial entity,35.654646,139.737082
3266,Bosque Alegre,Bosque Alegre ground station,architectural structure,-31.60634,-64.56899
3272,Hong Kong,Hong Kong,city,22.278333333333,114.15861111111
3291,Massandra,Massandra,administrative divisions of Russia,44.516666666667,34.183333333333
3295,Brorfelde,Brorfelde Observatory,observatory,55.62466111,11.66473889
3296,Namba,Osaka,city,34.69375,135.502111111111
3310,Gantrisch,Gantrisch,natural geographic object,46.705166666667,7.4505
3312,Quanzhou,Quanzhou,city,24.91389,118.58583
3316,Recogne,Recogne,geographical feature,49.9114,5.36
3322,Koktebelia,Koktebel,urban-type settlement,44.96,35.240555555556
3324,Namur,Namur,city,50.466666666667,4.8666666666667
3333,Klementinum,Clementinum,geographical feature,50.086666666667,14.416388888889
3337,Omsk,Omsk,city,54.966666666667,73.383333333333
3345,Kobuchizawa,Kobuchisawa,former municipality,35.8624444444444,138.318944444444
3347,Inarradas,Argentine Institute of Radio Astronomy,observatory,-34.867,-58.14
3348,Pochaina,Pochaina,stream,50.4906,30.5052
3350,Sapporo,Sapporo,city,43.0619444444444,141.354444444444
3359,Dongguan,Dongguan,city,23.04749,113.74928
3364,Kazbegi,Mount Kazbek,natural geographic object,42.6969444444445,44.5188888888889
3368,Lesnaya,Battle of Lesnaya,combat,53.5422222222222,30.915
3373,Purple Mountain,Purple Mountain Observatory,observatory,32.0669166666667,118.824972222222
3374,Colchagua,Colchagua Province,former administrative territorial entity,-34.6833333333333,-71.15
3377,Huangpu,Huangpu District,county-level division,31.2331,121.485
3380,Sanshui,Sanshui District,county-level division,23.239444,112.897778
3383,Eriepa,Erie,city,42.129561111111,-80.085213888889
3390,Weimar,Weimar,city,50.9811111111111,11.3294444444444
3397,Ningbo,Ningbo,city,29.875,121.54916666667
3416,Borodino,"Borodino (village), Mozhaysky District, Moscow Oblast",dwelling place,55.526944444444,35.821111111111
3421,Canterbury,Canterbury Province,province,-43.529452777778,172.63389444444
3424,Ojima,Ojima,former municipality,36.2625833333333,139.300916666667
3426,Burdett,Burdett,city,38.1933,-99.5264
3429,Loyola,Loyola,geographical feature,43.1711,-2.27806
3433,Dabu,Dabu County,county-level division,24.35549,116.6912
3434,Grachevka,Grachevka,locality,52.105555555556,40.0175
3437,Williams Bay,Williams Bay,administrative territorial entity of Wisconsin,42.5780555555556,-88.5408333333333
3439,Kunming,Kunming,city,25.043333333333,102.70611111111
3443,AAS,American Astronomical Society,publishing company,38.903,-77.0384
3449,Ellensburg,Ellensburg,city,46.997064,-120.545119
3452,Hokkaido,Hokkaido,island,43.4605555555556,142.792222222222
3453,Yangzhou,Yangzhou,city,32.39117,119.43625
3457,Trebon,Třeboň,municipality of the Czech Republic,49.003709466138,14.770659141428
3467,Heyuan,Heyuan,city,23.75033,114.69229
3471,Vartiovuori,Vartiovuorenmäki,landform,60.44829,22.27598
3477,Celle,Celle,city,52.625555555556,10.0825
3485,Kitami,Kitami Observatory,observatory,43.8182,143.9037
3486,Novgorod,Veliky Novgorod,city,58.52099,31.27579
3495,Dornburg,Dornburg/Saale,geographic location,51.006388888889,11.666111111111
3498,Aoraki,Aoraki / Mount Cook,landform,-43.595,170.141944444444
3503,Yorii,Yorii,second-level administrative division,36.1183333333333,139.192972222222
3506,Nurnberg,Nuremberg,city,49.4538888888889,11.0775
3511,Gunma,Gunma Prefecture,region,36.39,139.06
3516,Trelleborg,Trelleborg,administrative territorial entity,55.372346268872,13.181197587195
3520,Dorchester,Dorchester,former administrative territorial entity,50.710833333333,-2.4397222222222
3527,Plovdiv,Plovdiv,seat,42.142086,24.741454
3537,Shiretoko,Shiretoko Peninsula,landform,44.05,145.1
3540,Verbano,Lake Maggiore,landform,46.0980555555556,8.71472222222222
3545,Troja,Troy,location of discovery,39.9575,26.238888888889
3548,Aubignan,Aubignan,territorial collectivity of France,44.099722222222,5.0252777777778
3555,Randa,Randa,LAU 2,46.1,7.7833333333333
3558,Portugal,Portugal,state,38.7,-9.1833333333333
3564,Perth,Perth Observatory,observatory,-32.00781073,116.1357875
3568,Taga,Taga,second-level administrative division,35.2220277777778,136.292166666667
3571,Sambre,Sambre,stream,50.0303,3.8414
3573,Bratislava,Bratislava,city,48.144722222222,17.112777777778
3582,Yatsugatake,Southern Yatsugatake Volcanic Group,landform,35.970833333333,138.37
3589,Okhotsk,Sea of Okhotsk,sea,55150,
3590,Turnov,Turnov,municipality of the Czech Republic,50.587341607858,15.156899388718
3600,Haapavesi,Haapavesi,city or town,64.1375,25.366666666667
3607,Rostovdon,Rostov-on-Don,administrative territorial entity,47.2225,39.71
3614,Ishizuchisan,Mount Ishizuchi,natural geographic object,33.766666666667,133.11666666667
3623,Kushiro,Kushiro,city,42.9848888888889,144.381722222222
3627,Tsurugisan,Mount Tsurugi,natural geographic object,33.85361111,134.09416667
3633,Tsia,Zia people,ethnic group,35.5144,-106.723
3637,Kyogoku,Kyogoku,second-level administrative division,42.8581944444444,140.884111111111
3640,UKSTU,UK Schmidt Telescope,telescope,-31.272230555556,149.07123333333
3643,Rudolfinum,Rudolfinum,architectural structure,50.09,14.4156
3647,Izu,Izu Peninsula,landform,34.9,138.966666666667
3650,Saaremaa,Saaremaa,geographic location,58.416666666667,22.5
3654,Rochefort,Rochefort,city,50.159044,5.22185
3662,Mount Locke,Mount Locke,natural geographic object,30.671388888889,-104.02277777778
3664,Tamashima,Tamashima,former municipality,34.548,133.673944444444
3666,Kitezh,Kitezh,mythical location,56.81916667,45.09166667
3667,Sayany,Sayan Mountains,landform,53.251944444444,94.974444444444
3670,Assesse,Assesse,LAU 2,50.3711,5.0231
3676,Shuya,Shuya,administrative territorial entity,56.85,41.366666666667
3682,Verulamium,Verulamium,location of discovery,51.75,-0.3539
3690,Sansyu-Asuke,Asuke,former municipality,35.1343888888889,137.311944444444
3692,Neunkirchen,Neunkirchen,LAU 2,47.726944444444,16.081666666667
3696,Shikoku,Shikoku,geographic location,33.75,133.5
3700,Spacewatch,Spacewatch,survey,31.962189,-111.60034
3703,Kagamigawa,Kagami River,stream,33.54415,133.56234
3705,Gekko,Gekko Observatory,observatory,35.128526,138.992393
3706,Abashiri,Abashiri,city,44.0206388888889,144.273555555556
3709,Kani,Kani,city,35.4260555555556,137.061333333333
3713,Dunhuang,Dunhuang,county-level division,40.1411111111111,94.6638888888889
3715,Holubov,Holubov,municipality,48.890074142585,14.321093988215
3720,Trisov,Třísov,administrative territorial entity of the Czech Republic,48.8833,14.3469
3722,Tokyotech,Tokyo Institute of Technology,publishing company,35.605,139.683888888889
3728,Biwako,Lake Biwa,lake,35.255,136.08
3731,Aoba,Sendai Castle,fortification,38.252478,140.856156
3732,Magarach,"National Institute of Grape and Wine ""Magarach""",academic institution,44.4941666666667,34.0052777777778
3735,Ries,Nördlinger Ries,impact crater,48.866666666667,10.583333333333
3736,Verona,Verona,city,45.4386111111111,10.9927777777778
3747,Arecibo,Arecibo Radio Telescope,infrastructure,18.3441666666667,-66.7527777777778
3752,Shibecha,Shibecha,second-level administrative division,43.3033055555556,144.600638888889
3755,Kyoto,Kyoto,city,35.0116111111111,135.768111111111
3771,Onizaki,Onizaki,former municipality,34.9155277777778,136.828222222222
3773,Marathon,Marathon,city or town,38.155,23.963611111111
3775,Korinthos,Corinth,city,37.9386111111111,22.9272222222222
3779,Xuyi,Xuyi County,county-level division,32.99836,118.51329
3780,Uenohara,Uenohara,city,35.6301944444444,139.108555555556
3783,Suruga,Suruga Province,former administrative territorial entity,35.1275,138.48666666667
3786,Ashizuri,Cape Ashizuri,coast,32.723333,133.02
3790,Otava,Otava,stream,49.10979,13.492157
3792,Taihaku,Taihaku-ku,third-level administrative division,38.224444444444,140.87722222222
3797,Kamuimintara,Daisetsuzan Volcanic Group,volcanic landform,43.65,142.85
3803,Bilk,Bilk,administrative territorial entity,51.2081,6.77667
3805,McGraw-Hill,McGraw-Hill Telescope,telescope,31.95,-111.61666666667
3806,Goldstone,Goldstone Deep Space Communications Complex,geographical feature,35.426666666667,-116.89
3811,Muroto,Muroto,city,33.2899444444444,134.152027777778
3817,Bornholm,Bornholm,geographic location,55.125,14.916666666667
3821,Oizumi,Ōizumi,former municipality,35.8626944444444,138.388416666667
3823,Nusamaibashi,Nusamai Bridge,bridge,42.981033,144.385564
3824,Bihoro,Bihoro,second-level administrative division,43.82425,144.107444444444
3827,Sayama,Sayama,city,35.8529722222222,139.412194444444
3831,Nikitibotania,Nikitsky Botanical Garden,GLAM,44.5094,34.2328
3837,Otaru,Otaru,city,43.1907222222222,140.994361111111
3841,Louvre,Louvre Palace,architectural structure,48.861028,2.335886
3845,Voronezh,Voronezh,city,51.671666666667,39.210555555556
3853,MIT,Massachusetts Institute of Technology,private educational institution,42.3597222222222,-71.0919444444445
3864,Konko,Konkō,former municipality,34.5430555555556,133.624583333333
3866,Massachusetts,Massachusetts,electoral unit,42.3,-71.8
3872,Piestany,Piešťany,city or town,48.583333333333,17.833333333333
3880,Kurashiki,Kurashiki,city,34.5850833333333,133.772111111111
3883,Akan,Akan Mashu National Park,administrative territorial entity,43.51666667,144.26666667
3890,Ainonai,Ainonai,former municipality,43.7972777777778,143.75325
3892,Vulkaneifel,Volcanic Eifel,landform,50.283333333333,7
3899,Bickley,Bickley,suburb,-32.008,116.091
3901,Tambov,Tambov,city,52.7230555555556,41.4538888888889
3909,Chaonis,Chions,commune of Italy,45.85,12.716666666667
3910,Shibuya,Shibuya-ku,second-level administrative division,35.6636666666667,139.697722222222
3913,Chile,Chile,state,-33,-71
3921,Oumu,Ōmu,second-level administrative division,44.5825833333333,142.962027777778
3924,Tentaikojo,Tentaikojo,organization,43.06555556,141.36305556
3927,Sumoto,Sumoto,city,34.3424722222222,134.895638888889
3930,Yebes,Yebes,LAU 2,40.534722222222,-3.1097222222222
3935,Yoshinogawa,Yoshino River,stream,34.078497222222,134.60072222222
3937,Strasbourg,Strasbourg,city,48.573333333333,7.7522222222222
3946,Mediolanum,Milan,city,45.466944444444,9.19
3958,Novara,Novara,city,45.45,8.62
3966,Jizera,Jizera,stream,50.876382,15.29241
3968,Berounka,Berounka,stream,49.7538888888889,13.3905555555556
3970,Kagoshima,Kagoshima,city,31.5968055555556,130.557138888889
3980,Iwaizumi,Iwaizumi,second-level administrative division,39.8431388888889,141.796388888889
3983,Burnaby,Burnaby,city,49.25,-122.949167
3989,Tottori,Tottori,city,35.4943888888889,134.221611111111
3997,ORO,Oak Ridge Observatory,observatory,42.505,-71.5583
3998,Rovereto,Rovereto,municipality,45.883333333333,11.034166666667
4001,Asaramas,Argentine Association of Amateur Astronomers,group of humans,-34.60483333,-58.435
4010,Hermitage,Hermitage Museum,organization,59.9405555555556,30.3136111111111
4013,Aretta,Åretta ungdomsskole,lower secondary school,61.101153,10.476708
4017,Hobetsu,Hobetsu,former municipality,42.7612222222222,142.13375
4019,Luyi,Luyi County,county-level division,33.86042,115.48092
4020,Gembloux,Gembloux,city,50.5594,4.6922
4028,Ako,Ako,city,34.7549722222222,134.390333333333
4031,Veveri,Veveri,fourth-level administrative division,45.45,8.6166666666667
4036,Ohre,Ohře,stream,50.094198,12.233529
4038,Miho,Miho,former municipality,34.9995555555556,138.520222222222
4040,Stradonice,Stradonice,municipality,50.291440774297,14.047009078877
4045,Ventura,Ventura,city,34.26778,-119.254206
4049,Megantic,Mont Mégantic Observatory,observatory,45.4558,-71.1525
4050,Tsubetsu,Tsubetsu,second-level administrative division,43.7062777777778,144.025305555556
4053,Gubbio,Gubbio,municipality,43.3517882,12.5772674
4056,Knushevia,Taras Shevchenko National University of Kyiv,publishing company,50.441903,30.511314
4063,Riverside,Riverside,city,33.9822222222222,-117.3725
4072,Fukaya,Fukaya,city,36.1974722222222,139.2815
4076,Shikanosima,Shika Island,island,33.675,130.3
4077,Zhoushan,Zhoushan,city,29.98869,122.20488
4081,Yamatai,Yamatai,former administrative territorial entity,34.5166666666667,135.85
4083,Tomsk,Tomsk,city,56.488611111111,84.952222222222
4090,Texstapa,"Texas Star Party, Inc.",architectural structure,30.608381,-103.950448
4094,Yahagi,Yahagi River,stream,34.921077,137.113882
4096,Lac d'Orient,Lac d'Orient,landform,48.2725,4.33
4100,Kourovka,Kourovskaya observatory,observatory,57.03671389,59.54727222
4101,Erfjord,Erfjord Municipality,former municipality,59.35,6.21666667
4103,Roccapalumba,Roccapalumba,municipality,37.8,13.633333333333
4106,Ireland,Ireland,geographic location,53.351,-7.921
4111,Saroma,Lake Saroma,landform,44.166666666667,143.71666666667
4115,Tokeidai,Sapporo Clock Tower,organization,43.062602,141.353681
4124,Hippocrene,Hippocrene,natural geographic object,38.32004444,23.03116389
4127,Korsor,Korsør,city,55.3283,11.1397
4131,Cynus,Cynus,location of discovery,38.72333333,23.0625
4136,Okushiri,Okushiri Island,geographic location,42.149166666667,139.46722222222
4140,Wakabayashi,Wakabayashi-ku,third-level administrative division,38.244166666667,140.90083333333
4145,Nibutani,Nibutani,neighborhood in Japan,42.6361,142.16
4146,Gyoda,Gyoda,city,36.1388888888889,139.455638888889
4149,Rumoi,Rumoi,city,43.9409722222222,141.637027777778
4152,Okutama,Okutama,second-level administrative division,35.8095555555556,139.096194444444
4155,Moiwa,Mount Moiwa,natural geographic object,43.022138888889,141.32211111111
4157,Maruyama,Mount Maru,natural geographic object,43.04722222,141.31638889
4159,Piemonte,Piedmont,first-level administrative division,45.25,7.9166666666667
4164,Stjerneborg,Stjerneborg,observatory,55.90688,12.69704
4165,Yoichi,Yoichi,second-level administrative division,43.1953055555556,140.783527777778
4168,Dortmund,Dortmund,city,51.513888888889,7.4652777777778
4176,Oloosson,Olooson,city,39.8987,22.1875
4179,Tsurui,Tsurui,second-level administrative division,43.2299444444444,144.321083333333
4182,Bocacara,Bocacara,geographic location,40.674166666667,-6.4025
4187,Irurita,Irurita,human settlement,43.1311388888889,-1.54708333333333
4192,Kwasan,Kwasan Observatory,observatory,34.993745,135.793587
4193,Giza,Giza,city,29.987,31.2118
4200,Brisbane,Brisbane,city,-27.467777777778,153.02777777778
4206,Onnetoh,Lake Onnetō,lake,43.38444444,143.97
4207,Erimomisaki,Cape Erimo,coast,41.924444,143.248333
4209,Kanaya,Kanaya,former municipality,34.8345833333333,138.126944444444
4211,Mishima,Mishima,city,35.1185,138.918555555556
4217,Neagari,Neagari,former municipality,36.4490555555556,136.458444444444
4219,Virgiugum,Jungfraujoch,mountain pass,46.547777777778,7.9830555555556
4220,Kamenka,Kamianka,city,49.033333333333,32.1
4227,Casleo,Leoncito Astronomical Complex,observatory,-31.7986,-69.2956
4228,Awa,Awa Province,former administrative territorial entity,33.93833333,134.24916667
4231,Takachiho,Takachiho,second-level administrative division,32.7116666666667,131.30775
4234,Saale,Saale,stream,50.1206,11.8306
4236,Kameoka,Kameoka,city,35.0135277777778,135.573527777778
4239,Williwaw,Mount Williwaw,natural geographic object,61.104166666667,-149.51361111111
4241,Queen's,Queen's University,public university,44.225,-76.495
4246,Hamatonbetsu,Hamatonbetsu,second-level administrative division,45.1237777777778,142.359777777778
4249,Tunguska,Tunguska event,process,60.916666666667,101.95
4251,Yamanashi,Yamanashi Prefecture,region,35.6641388888889,138.568416666667
4256,Korankei,Kōrankei,fluvial landform,35.1318416666667,137.313369444444
4258,Kiyosato,Kiyosato,geographical feature,35.9180555555556,138.435
4261,Oberkochen,Oberkochen,city,48.783888888889,10.105277777778
4264,Rundetaarn,Rundetaarn,organization,55.68137,12.57579
4270,Sanya,Sanya,city,18.2533333333333,109.503611111111
4273,Salavat,Salavat,city,53.366666666667,55.933333333333
4284,Acadiau,Acadia University,academic institution,45.0877777777778,-64.3661111111111
4287,Chimikeppuko,Lake Chimikeppu,landform,43.63666667,143.87583333
4291,Sharidake,Mount Shari,natural geographic object,43.765555555556,144.71805555556
4294,Rausudake,Mount Rausu,natural geographic object,44.075833333333,145.1225
4297,Stroncone,Stroncone,municipality,42.5,12.666666666667
4302,Vogtland,Vogtlandkreis,district of Germany,50.433333333333,12.266666666667
4303,Saitama,Saitama Prefecture,region,35.8571666666667,139.649194444444
4308,Kuwana,Kuwana,city,35.0621944444444,136.683666666667
4312,Sekihokutouge,Sekihoku Pass,geographic location,43.6547222222222,143.164166666667
4314,Yoshino,Yoshino,human settlement,31.639055555556,130.56019444444
4316,Camarillo,Camarillo,city,34.225555555556,-119.03222222222
4319,Terni,Terni,city,42.566666666667,12.65
4329,Aberdonia,University of Aberdeen,public university,57.165,-2.1
4332,Akkado,Akkadō,tourist attraction,39.9836,141.736
4337,Rhon,Rhön Mountains,landform,50.516666666667,10.033333333333
4343,Nordlingen,Nördlingen,city,48.85,10.5
4350,Toutoumi,Tōtōmi Province,former administrative territorial entity,34.95972222,137.94777778
4353,Zao,Mount Zaō,natural geographic object,38.141,140.443
4358,Moldun,Meudon,territorial collectivity of France,48.8075,2.2402777777778
4365,Inuyama,Inuyama,physical location,35.3786111111111,136.9445
4372,Jurafrance,Jura Mountains,landform,47.2431,6.0219
4376,Yoron,Yoronjima,geographic location,27.0444444444444,128.417222222222
4380,Unstrut,Unstrut,stream,51.3161,10.2764
4382,Casteldelpiano,Castel del Piano,municipality,42.890833333333,11.539444444444
4385,Potsdam,Potsdam,city,52.4,13.066666666667
4393,Babelsberg,Babelsberg,administrative divisions of Germany,52.4,13.1
4395,Rakuyou,Rakuyo Tech High School,Article 1 school,34.979694,135.735083
4397,Hessen,Hesse,federated state,50.6080277777778,9.02847222222222
4401,Harutoriko,Lake Harutori,landform,42.972222,144.403611
4405,Neglinka,Neglinnaya,river,55.74972222,37.62638889
4407,Borovitskia,Kremlin Hill,neighborhood,55.74888889,37.6125
4411,Ostozhenka,Ostozhenka Street,road,55.740277777778,37.597222222222
4415,Sachsen,Saxony,federated state,51.026944444444,13.358888888889
4419,Baltimore,Baltimore,independent city,39.286388888889,-76.615
4422,Akashi,Akashi,city,34.6431388888889,134.997222222222
4430,Yauza,Yauza,stream,55.74722222,37.64027778
4432,Telc,Telč,municipality of the Czech Republic,49.184229941699,15.452771068011
4442,Wurttemberg,Württemberg,region,48.7786,9.17944
4450,Aichi,Aichi Prefecture,region,35.1801666666667,136.906416666667
4455,Ostankino,Ostankinsky District,human settlement,55.83055556,37.62111111
4459,Wakkanai,Wakkanai,city,45.4156388888889,141.673083333333
4463,Ohdohrikouen,Odori Park,park,43.059722,141.346389
4469,Kaminokuni,Kaminokuni,second-level administrative division,41.8011111111111,140.121444444444
4472,Panticapaeon,Panticapaeum,location of discovery,45.35083333,36.46861111
4477,Citlaltepetl,Citlaltepetl,natural geographic object,19.03,-97.27
4479,Doudleby,Doudleby,municipality,48.893604629852,14.501492150167
4484,Holasovice,Holašovice,administrative territorial entity of the Czech Republic,48.966666666667,14.266666666667
4488,Brandenburg,Brandenburg,federated state,52.3945555555556,13.0603333333333
4492,Sakitama,Sakitama,former municipality,36.1161111111111,139.490888888889
4494,Izumi,Izumi-ku,third-level administrative division,38.326388888889,140.88138888889
4499,Aulis,Aulis,location of discovery,38.43333333,23.5925
4505,Saarland,Saarland,federated state,49.37715,6.8783777777778
4512,Visby,Visby,administrative territorial entity,57.628997457133,18.307108945039
4516,Mecklenburg,Mecklenburg,region,53.8372222222222,11.4711111111111
4522,Hubelmatt,Hubelmatt Observatory,observatory,47.03668,8.30531
4523,Shosanbetsu,Shosanbetsu,second-level administrative division,44.5321111111111,141.766305555556
4526,Univsima,Tavrida National V.I. Vernadsky University,academic institution,44.95111111,34.10472222
4529,Isnello,Isnello,municipality,37.944046,14.007007
4532,Uttorp,Uttorp,protected area,56.077577,15.681554
4535,Fecamp,Fécamp,territorial collectivity of France,49.7575,0.37916666666667
4542,Rennes,Rennes,city,48.114166666667,-1.6808333333333
4550,Denali,Denali,natural geographic object,63.0691027777778,-151.006261111111
4552,Schwaben,Swabia,region,48.4,10
4556,Mehdia,Mehdya,commune of Morocco,34.255722,-6.674538
4557,San Jose,San Jose,city,37.304166666667,-121.87277777778
4563,Yonezawa,Yonezawa,city,37.9222222222222,140.116666666667
4567,Fram,Fram,watercraft,59.903333333333,10.699444444444
4570,Chikushi,Chikuzen Province,former administrative territorial entity,33.5961,130.489
4576,Kuma,Kumakogen,second-level administrative division,33.6555833333333,132.901666666667
4579,Kiruna,Kiruna,geographical feature,67.8488888888889,20.3027777777778
4586,Kiryu,Kiryū,city,36.4053333333333,139.330472222222
4590,Kurohone,Kurohone,former municipality,36.5017777777778,139.283777777778
4592,Lanusei,Lanusei,municipality,39.8786788,9.5414543
4595,Renzetti,Upper Palatinate,administrative divisions of Germany,49.3,12.2
4600,Cleveland,Cleveland,city,41.4991666666667,-81.6947222222222
4609,Helgoland,Heligoland,municipality in Germany,54.1825,7.8852777777778
4614,Bremen,Bremen,city,53.0758333333333,8.80722222222222
4622,Hikonejyo,Hikone Castle,fortification,35.276388888889,136.25166666667
4624,Vorarlberg,Vorarlberg,administrative territorial entity of Austria,47.243611111111,9.8938888888889
4628,Kathmandu,Kathmandu,city,27.71,85.32
4639,Acapulco,Acapulco,city,16.8628695,-99.8870087
4653,Univermoscow,Moscow State University,university,55.7025,37.530555555556
4655,Tunis,Tunis,city,36.800833333333,10.18
4659,Beslan,Beslan,geographical feature,43.183333333333,44.533333333333
4669,Holstein,Holstein,spatial region,54.1667,9.66667
4671,Vanavara,Vanavara,locality,60.345277777778,102.28416666667
4674,Nyukasayama,Mount Nyūkasa,natural geographic object,35.896389,138.171667
4676,Susono,Susono,city,35.1739444444444,138.906777777778
4679,Akagi,Mount Akagi,volcanic landform,36.560833333333,139.19361111111
4681,Harunasan,Mount Haruna,volcano,36.4769444444444,138.878055555556
4686,Tirol,Tyrol,administrative territorial entity of Austria,47.266666666667,11.4
4690,Karnten,Carinthia,administrative territorial entity of Austria,46.7525,13.8617
4694,Kremsmunster,Kremsmünster,LAU 2,48.055,14.130833333333
4699,Bassano,Bassano Bresciano,municipality,45.330555555556,10.127777777778
4702,Myougi,Mount Myōgi,natural geographic object,36.298611111111,138.73472222222
4707,Drebach,Drebach Observatory,observatory,50.6739,13.0127
4713,Golevka,Evpatoria Observatory,observatory,45.1892,33.1875
4722,Isonzo,Soča,stream,45.994444444444,13.641388888889
4724,Aci,Jaci,stream,37.75,15.25
4726,Boden,Boden,administrative territorial entity,65.818248726109,21.704563470407
4730,Subashiri,Subashiri interchange,transport structure,35.361763888889,138.86078333333
4732,Steinheim,Steinheim crater,natural geographic object,48.686666666667,10.065
4735,Serendip,Sri Lanka,state,7,81
4742,Kievtech,Igor Sikorsky Kyiv Polytechnic Institute,academic institution,50.449722,30.460833
4745,Hachioji,Hachioji,city,35.6664444444444,139.316
4753,Arcetri,Arcetri Observatory,observatory,43.750595,11.254426
4756,Lulea,Luleå Municipality,municipality,65.584444444444,22.153888888889
4759,Nagahama,Nagahama,city,35.3808333333333,136.278333333333
4763,Otukyo,Otsu,city,35.0178055555556,135.854722222222
4769,Tatebayashi,Tatebayashi,city,36.2448333333333,139.542111111111
4772,Sannaimura,Sannai,former municipality,39.2778888888889,140.6205
4774,Igaueno,Ueno,former municipality,34.7688333333333,136.129916666667
4776,Montreal,Montreal,city,45.5033426,-73.5868411
4786,Gifu,Gifu,city,35.42625,136.759444444444
4795,Minamiawaji,Minamiawaji,city,34.2944444444444,134.779833333333
4798,Tarendo,Tärendö,administrative territorial entity,67.168296694309,22.619170179003
4804,Ozegahara,Oze,landform,36.937,139.25102222
4808,Palazzolo,Palazzolo sull'Oglio,municipality,45.6,9.8833333333333
4811,Ornskoldsvik,Örnsköldsvik,administrative territorial entity,63.265490487805,18.676183350641
4817,Sundsvall,Sundsvall,administrative territorial entity,62.395509191965,17.285994257166
4821,Saragamine,Mount Saragamine,natural geographic object,33.7175,132.89444444444
4823,Strekov,Střekov Castle,fortification,50.63913333,14.05079167
4827,Cernovice,Černovice,municipality of the Czech Republic,49.372719357323,14.960918952709
4834,Maruseppu,Maruseppu,former municipality,44.0047777777778,143.337083333333
4836,Pest,Pest,human-geographic territorial entity,47.5,19.1
4840,Chianti,Chianti,spatial region,43.6,10.95
4845,Georgewest,George West,seat,28.33,-98.118305555556
4851,Hyogo,Hyōgo Prefecture,region,34.69125,135.183083333333
4856,Shifutsu,Mount Shibutsu,natural geographic object,36.903472,139.17325
4858,Sormano,Sormano,municipality,45.878611111111,9.2469444444444
4861,Hiuchigatake,Mount Hiuchigatake,geographic entity,36.95298,139.28716
4866,Saint-Marys,Saint Mary's University,group of humans,44.6317,-63.5797
4874,Manaslu,Manaslu,natural geographic object,28.55,84.559722222222
4876,Tanigawadake,Mount Tanigawa,natural geographic object,36.837222222222,138.92972222222
4878,Azumayasan,Mount Azumaya,volcano,36.541666666667,138.41305555556
4879,Lestone,Leighton Buzzard,city or town,51.9165,-0.6617
4881,Ashitaka,Mount Ashitaka,volcano,35.2166666666667,138.8
4883,Asamayama,Mount Asama,volcano,36.4,138.51666666667
4885,Chichibu,Chichibu,city,35.959722222222,138.93333333333
4889,Minano-machi,Minano,second-level administrative division,36.0708333333333,139.098777777778
4892,Heiankyo,Heian-kyō,national capital,35135.76666667,
4901,Tachikawa,Tachikawa,city,35.7139444444444,139.407916666667
4905,Tokorozawa,Tokorozawa,big city,35.799444444444,139.46888888889
4907,Yamagata,Yamagata Prefecture,region,38.2404444444444,140.363555555556
4912,Nantucket,Nantucket,geographic location,41.276756,-70.090889
4916,Kiyose,Kiyose,city,35.7857222222222,139.526472222222
4919,Beijingdaxue,Peking University,university,39.989722222222,116.30527777778
4925,La Serena,La Serena,city,-29.9027,-71.252
4928,Yatsuka,Yatsuka,former municipality,35.494916666667,133.17244444444
4930,Kuklov,Kuklov,dwelling place,48.9322,14.1819
4937,Ageo,Ageo,city,35.9773888888889,139.593194444444
4941,Dossobuono,Dossobuono,fourth-level administrative division,45.4,10.91666667
4946,IRTF,NASA Infrared Telescope Facility,observatory,19.8263,-155.473
4949,Semois,Semois,stream,49.681766666667,5.8203
4951,Montelupo,Montelupo Fiorentino,municipality,43.733333333333,11.016666666667
4954,Ondrejov,Ondřejov,municipality,49.904682492822,14.784264399925
4959,Kakegawa,Kakegawa,city,34.76875,137.998388888889
4963,Nara,Nara,city,34.685,135.804777777778
4975,Yokokurayama,Mount Yokokura,natural geographic object,33.5358333333333,133.207777777778
4977,Uchinoura,Uchinoura,former municipality,31.2783888888889,131.07425
4979,Somme,River Somme,stream,50.2197,1.4976
4983,Choustnik,Choustník Castle,fortification,49.331025,14.85269444
4986,Sagamihara,Sagamihara,city,35.5714166666667,139.373138888889
4993,Zavist,Oppidum Závist,archaeological site,49.96222222,14.40805556
4997,Grenoble,Grenoble,city,45.186944444444,5.7263888888889
5005,Oukawamine,Okawamine,natural geographic object,33.5644444444445,132.922777777778
5007,San Marcello,San Marcello Pistoiese,former municipality,44.055555555556,10.790833333333
5009,Dogo Onsen,Dōgo Onsen,spa,33.851944444444,132.78638888889
5013,Changchun,Changchun,city,43.9,125.2
5024,Blanik,Blaník,natural geographic object,49.642222222222,14.872777777778
5026,L'Aquila,L'Aquila,municipality,42.354008333333,13.391991666667
5033,Sassi,Sassi di Matera,location of discovery,40.6667,16.6083
5041,Farra,Farra d'Isonzo,municipality,45.9,13.516666666667
5044,Huskvarna,Huskvarna,city,57.7919444444445,14.2755555555556
5053,Mizusawa,Mizusawa,former municipality,39.1445,141.139111111111
5055,Pelhrimov,Pelhřimov,municipality of the Czech Republic,49.431396763393,15.223389364189
5066,Tipografiyanauka,Academy of Sciences Printing House,architectural structure,59.93781,30.280052
5073,Smaklosa,Västergarn and Stora Mafrids,administrative territorial entity,57.446151875988,18.139307210535
5079,Perinaldo,Perinaldo,municipality,43.866930555556,7.67435
5082,Kagiroino-Oka,Ōuda,former municipality,34.4788888888889,135.928111111111
5084,Vaxjo,Växjö,administrative territorial entity,56.889029924861,14.802795326212
5088,Salopia,Shropshire,county of England,52.616666666667,-2.7166666666667
5090,Iafe,Institute of Astronomy and Space Physics,artificial geographic entity,-34.543569,-58.440888
5094,Foros,Foros,administrative divisions of Russia,44.391666666667,33.788888888889
5098,Shizutani-Kou,Shizutani School,geographic location,34.797946,134.219477
5105,Etrepigny,Étrépigny,territorial collectivity of France,49.684444444444,4.7538888888889
5112,Putignano,Putignano,municipality,40.849227777778,17.122544444444
5115,Malse,Malše,stream,48.5641,14.6384
5117,Albis,Elbe,stream,53.9222222222222,8.72222222222222
5122,Asiago,Asiago,municipality,45.866666666667,11.516666666667
5125,Krasetin,Krasetín,administrative territorial entity of the Czech Republic,48.8822,14.3156
5127,Dellen,Dellen,crater lake,61.862,16.707
5129,Rip,Říp Mountain,natural geographic object,50.38653,14.2896344
5132,Ube,Ube,city,33.9515833333333,131.246722222222
5136,Nizhnij Novgorod,Nizhny Novgorod,city,56.326944444444,44.0075
5144,Altamira,Cave of Altacosa,rock shelter,43.376944444444,-4.11975
5149,Haute-Provence,Alpes-de-Haute-Provence,territorial collectivity of France,44.095277777778,6.24
5155,Tvaren,Tvären,water area,58.766666666667,17.416666666667
5159,Kyokuchiken,National Institute of Polar Research,publishing company,35.7125,139.409
5163,Tsukuba,Tsukuba,city,36.0834722222222,140.076444444444
5169,Sanvito,San Vito,municipality,39.4418937,9.5404243
5172,Zhongkeyuan,Chinese Academy of Sciences,publishing company,39.9096,116.3296
5179,Umasslowell,University of Massachusetts Lowell,university,42.65,-71.323
5183,Buenos Aires,Buenos Aires,city,-34.599722222222,-58.381944444444
5200,Itsukushima,Itsukushima,geographic location,34.275555555556,132.30777777778
5208,Fuchie,Fuchie School,Article 1 school,35.792,139.811639
5210,Kaseda,Kaseda,former municipality,31.4165833333333,130.3235
5212,Simbirsk,Ulyanovsk,city,54.316666666667,48.366666666667
5219,Berezov,Beryozovo,administrative divisions of Russia,63.938055555556,65.041944444444
5222,Erzgebirge,Ore Mountains,landform,50.5,13
5229,Beishida,Beijing Normal University,university,39.957222222222,116.3625
5235,Roero,Roero,spatial region,44.7,7.85
5240,Dallas,Dallas,city,32.779166666667,-96.808888888889
5244,Australia,Australia,state,-25133,
5250,Nobeyama,Nobeyama radio observatory,observatory,35.94166667,138.47583333
5251,Matsue,Matsue,city,35.4681111111111,133.048527777778
5261,Kobe,Kobe,city,34.6901666666667,135.195444444444
5272,Seeberg,Seeberg Observatory,observatory,50.9338,10.7282
5273,Nikolaev,Mykolaiv,city,46.975,31.995
5277,Valujki,Valuyki,administrative territorial entity,50.183333333333,38.116666666667
5283,Kaluga,Kaluga,city,54.533333333333,36.266666666667
5290,Okegaya,Okegaya Marsh,wetland,34.74166667,137.88333333
5291,NANTEN,NANTEN2 Observatory,infrastructure,-22.96972222,-67.70222222
5296,Nanyou,Nanyo,city,38.0551111111111,140.148361111111
5299,Bradshaw,Bradshaw Mountains,landform,34.414722222222,-112.40388888889
5302,Gurzuf,Hurzuf,urban-type settlement,44.552777777778,34.2875
5304,Cornell,Cornell University,university,42.4491666666667,-76.4838888888889
5312,Machu-Picchu,Machu Picchu,location of discovery,-13.1630555555556,-72.5455555555556
5320,Cuzco,Cusco,city,-13.5169444444444,-71.9786111111111
5329,Edinburgh,Edinburgh,city,55.9533333333333,-3.18916666666667
5341,Cranach,Lucas Cranach the Elder,mammal,50.98333333,11.32777778
5346,Tooting,Tooting,human settlement,51.428,-0.165
5348,Angrogna,Angrogna,municipality,44.843582,7.223816
5351,Macao,Macau,city,22.19,113.538055555556
5369,Novotroitskoe,Novotroitske,populated place in Ukraine,46.354444444444,34.336111111111
5373,Boulder,Boulder,city,40.019444444444,-105.29277777778
5382,Ufa,Ufa,geographical feature,54.7261111111111,55.9475
5393,Nijo,Nijō Castle,fortification,35.014166666667,135.7475
5395,Hieizan,Mount Hiei,natural geographic object,35.066666666667,135.83833333333
5403,Johnen,Mount Jōnen,natural geographic object,36.32555556,137.7275
5405,Satomimura,Satomi,former municipality,36.733,140.490027777778
5407,Bal,Bäl,historical administrative division,57.64472222,18.63277778
5408,Tingstade,Tingstäde,historical administrative division,57.73611111,18.61472222
5409,Rone,Rone,administrative territorial entity of Sweden,57.209561363988,18.444329262759
5411,Burs,Burs,historical administrative division,57.24555556,18.50861111
5412,Kraklingbo,Kräklingbo,historical administrative division,57.445,18.71111111
5413,Caussols,Caussols,territorial collectivity of France,43.741388888889,6.9
5420,AMOS,Air Force Maui Optical and Supercomputing observatory,observatory,20.708333333333,-156.25805555556
5421,Iidesan,Iide Mountains,landform,37.83305556,139.66055556
5424,Saji,Saji Observatory,observatory,35.33888889,134.12222222
5427,Leviathan,Leviathan of Parsonstown,observatory,53.0967722,-7.9175782
5429,Corneville,Corneville-sur-Risle,territorial collectivity of France,49.336944444444,0.59416666666667
5436,London,London,city,51.507222222222,-0.1275
5452,Yakiimo,JCPM Yakiimo Station,observatory,34.96,138.47
5453,Tanegashima,Tanegashima,geographic location,30.573888888889,130.98111111111
5457,Showashinzan,Shōwa-shinzan,volcano,42.5425,140.86444444444
5461,Kakogawa,Kakogawa,city,34.7569166666667,134.841277777778
5464,Ortigara,Mount Ortigara,natural geographic object,46.00722222,11.50777778
5466,ODAS,OCA-DLR Asteroid Survey,observatory,43.74888889,6.92666667
5470,Tula,Tula,city,54.2,37.616666666667
5477,Kawane,Kawane,former municipality,34.9428055555556,138.07725
5479,Takane,Takane,former municipality,35.8374722222222,138.413472222222
5481,Nanyang,Nanyang,city,32.99871,112.52921
5485,Davidschlag,Davidschlag,Ortsteil,48.430962,14.276301
5486,Narukospa,Naruko,former municipality,38.7448611111111,140.718722222222
5488,Takatumuzi,Takatumuzi,natural geographic object,38.0663888888889,140.203888888889
5490,Kourakuen,Kōraku-en,Japanese garden,34.66766389,133.93505556
5491,Kol'tsovo,"Koltsovo, Novosibirsk Oblast",human settlement,54.9376,83.1825
5496,Kharkiv,Kharkiv,city,49.9925,36.2311111111111
5503,Sarov,Sarov,administrative territorial entity,54.933333333333,43.316666666667
5509,Hokuto,Hokuto,city,35.7764722222222,138.423638888889
5512,Sukagawa,Sukagawa,city,37.2868888888889,140.372555555556
5515,Sasagamine,Mount Sasa,natural geographic object,33.828111,133.274591
5517,Taiyonoto,Tower of the Sun,creative work,34.8096,135.532
5523,Lokrume,Lokrume socken,historical administrative division,57.68777778,18.53861111
5524,Liseleje,Liseleje,city or town,56.0056,11.9864
5526,Kamogata,Kamogata,geographical feature,34.5278333333333,133.584916666667
5531,Venezuela,Venezuela,state,8,-67
5535,Faro,Fårö,geographic location,57.933333333333,19.15
5539,Fleringe,Fleringe socken,historical administrative division,57.86962778,18.87696389
5540,Esashi,Esashi,second-level administrative division,41.8691388888889,140.127444444444
5543,Vamlingbo,Vamlingbo socken,historical administrative division,56.96944444,18.23027778
5544,Hamra,Hamra socken,historical administrative division,56.975833333333,18.313333333333
5545,Sundre,Sundre socken,historical administrative division,56.936388888889,18.183333333333
5546,Thionville,Thionville,territorial collectivity of France,49.358055555556,6.1683333333333
5553,Nancy-Lorraine,Nancy,city,48.692777777778,6.1836111111111
5561,Dijon,Dijon,city,47.323055555556,5.0419444444444
5569,Macon,Mâcon,territorial collectivity of France,46.306666666667,4.8319444444444
5576,Lyon,Lyon,city,45.758888888889,4.8413888888889
5589,Mihonoseki,Mihonoseki,former municipality,35.532888888889,133.18416666667
5591,Aransio,Orange,territorial collectivity of France,44.1375,4.8088888888889
5598,Avignon,Avignon,territorial collectivity of France,43.948611111111,4.8083333333333
5609,Apta,Apt,territorial collectivity of France,43.876111111111,5.3963888888889
5616,Manosque,Manosque,territorial collectivity of France,43.833333333333,5.7830555555556
5623,Saint Michel,Le Mont-Saint-Michel,territorial collectivity of France,48.635833333333,-1.5102777777778
5631,Kanpuzan,Mount Kanpū,natural geographic object,33.8116666666667,133.261666666667
5633,Porec,Poreč,second-level administrative division,45.2271722008831,13.5952238757617
5637,Shudo,Shudo Academy,secondary school,34.373056,132.457111
5638,Beiligong,Beijing Institute of Technology,academic institution,39.957777777778,116.30833333333
5645,Mallorca,Mallorca,geographic location,39.616666666667,2.9833333333333
5649,Ostend,Ostend,city,51.2258333333333,2.91944444444444
5663,Bruges,Bruges,city,51.2088888888889,3.22416666666667
5676,Ghent,Ghent,city,51.0536111111111,3.72527777777778
5687,Dwingeloo,Dwingeloo Radio Observatory,architectural structure,52.81194,6.39611
5695,Nitra,Nitra,city,48.314722222222,18.0875
5703,Surgut,Surgut,city,61.25,73.433333333333
5711,Passchendaele,Passendale,human settlement,50.9002777777778,3.02055555555556
5714,Tarumi,Tarumi-ku,human-geographic territorial entity,34.6305277777778,135.056722222222
5721,Belgorod,Belgorod,city,50.6,36.6
5728,Okadaira,Okadaira Shell Mound,location of discovery,36.017111,140.347944
5732,Ucka,Učka,landform,45.25,14.2
5735,Zwin,Zwin,human-geographic territorial entity,51.36696,3.36911
5745,Tianyahaijiao,Tianya Haijiao,promontory,18.2911,109.347
5747,Slovenija,Slovenia,state,46,15
5755,Zeletava,Želetava,municipality,49.141921478531,15.673013748139
5763,Yakage,Yakage,second-level administrative division,34.6275,133.587222222222
5766,Worpswede,Worpswede,municipality in Germany,53.222222222222,8.9277777777778
5769,Nautilus,USS Nautilus,submarine,41.3872222222222,-72.0883333333333
5771,Edo,Edo,historical administrative division,35.6838888888889,139.774444444444
5780,Thronium,Thronium,ancient city,38.775841,22.725727
5785,Sangerhausen,Sangerhausen,city,51.466666666667,11.3
5790,Pribram,Příbram,municipality of the Czech Republic,49.68996461067,14.010474512485
5802,Ashikaga,Ashikaga,city,36.3401666666667,139.449722222222
5807,Sagano,Sagano,human-geographic territorial entity,35.018333,135.672917
5809,Bizan,Mount Bizan,natural geographic object,34.060833333333,134.51694444444
5811,Niiyaeki,Niiya Station,station,33.534,132.6003
5826,Kumamoto,Kumamoto,city,32.803,130.707861111111
5839,Palermo,Palermo,city,38.1156580555556,13.3612619444444
5847,Malytheatre,Maly Theatre,organization,55.75969194,37.62061
5853,Tmutarakania,Tmutarakan,location of discovery,45.21907,36.71406
5859,Yugan,Nefteyugansk,city,61.1,72.6
5867,Tanaro,Tanaro,stream,45.006,8.769
5869,Keet Seel,Navajo National Monument,location of discovery,36.6783,-110.541
5876,Paraguay,Paraguay,state,-23.5,-58
5880,Campeche,Bay of Campeche,water area,20,-94
5884,Digne,Digne-les-Bains,territorial collectivity of France,44.0925,6.2355555555556
5891,Bandaisan,Mount Bandai,volcano,37.600833333333,140.07222222222
5893,Digerhuvud,Digerhuvud,protected area,57.9744861277097,19.101891572843
5896,Jungfrun,Jungfrun,protected area,57.829083,18.502628
5901,Hoburgsgubben,Hoburgsgubben,stone,56.92233,18.12886
5903,Holmhallar,Holmhällar,protected area,56.9307,18.2936
5906,Lergrav,Lergravsviken,protected area,57.7953,18.9873
5909,Greifswald,Greifswald,city,54.083333333333,13.383333333333
5919,Ypres,Ypres,city,50.8508333333333,2.885
5927,Arzamas,Arzamas,administrative territorial entity,55.383333333333,43.8
5933,Fideoja,Fide socken,historical administrative division,57.07361111,18.31611111
5935,Hemse,Hemse,administrative territorial entity,57.23572383199,18.375300385357
5939,Stenkyrka,Stenkyrka socken,historical administrative division,57.79,18.53
5940,Larbro,Lärbro,administrative territorial entity,57.784705172654,18.789312909701
5944,Bro,Bro socken,historical administrative division,57.673,18.483
5945,Fole,Fole socken,historical administrative division,57.65055556,18.54472222
5946,Lummelunda,Lummelunda socken,historical administrative division,57.76972222,18.45527778
5947,Gotenba,Gotemba,city,35.3086944444444,138.934611111111
5950,Kamogawa,Kamo River,stream,34.931416666667,135.73723611111
5952,Mizugatsuka,Mizugatsuka Park,facility,35.3046295474038,138.770920933159
5956,Tanuki,Lake Tanuki,artificial lake,35.343611111111,138.56055555556
5958,Asagiri,Asagiri Plateau,natural geographic object,35.41333333,138.59111111
5962,Tokara,Tokara Islands,landform,29.37,129.74333333333
5967,Akusekijima,Akusekijima,geographic location,29.465277777778,129.59388888889
5973,Takarajima,Takarajima,geographic location,29.133333333333,129.2
5979,Ogasawara,Bonin Islands,landform,26.998055555556,142.21805555556
5984,Aenona,Nin,second-level administrative division,44.239722222222,15.181111111111
5988,Iriki,Iriki,former municipality,31.8065833333333,130.430777777778
5990,Ishigaki,Ishigaki Island,geographic location,24.4033333333333,124.193611111111
5994,Nebraska,Nebraska,electoral unit,41.5,-100
6000,Comeniana,Comenius University,publishing company,48.1412222222222,17.1159444444444
6008,Le Creusot,Le Creusot,territorial collectivity of France,46.800555555556,4.4402777777778
6015,Sixtygarden,Harvard–Smithsonian Center for Astrophysics,observatory,42.3815,-71.1284
6018,Hohe Meissner,Hoher Meissner,natural geographic object,51.207777777778,9.8472222222222
6020,Thuringer Wald,Thuringian Forest,mountain range,50.666666666667,10.833333333333
6024,Fichtelgebirge,Fichtelgebirge,landform,50.05,11.85
6031,Harz,Harz,landform,51.75,10.633333333333
6034,Westerwald,Westerwald,landform,50.6667,7.83333
6039,Hunsruck,Hunsrück,landform,50,7.5
6042,Taunus,Taunus,landform,50.23333333,8.45
6047,Sumaura,Sumaura Elementary School,Article 1 school,34.645917,135.1125
6049,Murom,Murom,city,55.580854,42.053839
6057,Tainai,Tainai,city,38.0596944444444,139.410333333333
6060,Sayo,Sayo,second-level administrative division,35.00425,134.35575
6063,Kozuki,Kōzuki,former municipality,34.984583333333,134.32347222222
6065,Etampes,Étampes,territorial collectivity of France,48.435,2.1622222222222
6072,Kilimanjaro,Mount Kilimanjaro,point of interest,-3.0666666666667,37.359166666667
6078,Lake Placid,Lake Placid,administrative territorial entity,44.285555555556,-73.985277777778
6081,Nishiharima,Nishi-Harima Observatory,observatory,35.0254,134.3356
6082,Hakkaisan,Mount Hakkai,natural geographic object,37.1038888888889,139.024722222222
6088,Mali Losinj,Mali Lošinj,second-level administrative division,44.533888888889,14.468055555556
6092,Vallenar,Vallenar,city,-28.5751,-70.7616
6094,Los Molinos,Los Molinos Observatory,observatory,-34.75538889,-56.19022222
6100,Ardmacha,Armagh,city,54.349444,-6.654444
6104,Armaghobs,Armagh Observatory,observatory,54.353,-6.64998
6109,Sakurajima,Sakurajima,volcano,31.580555555556,130.65805555556
6110,Kallunge,Källunge socken,historical administrative division,57.60777778,18.58444444
6111,Helsingborg,Helsingborg,city,56.042411686174,12.720996359515
6119,Goteborg,Gothenburg,city,57.7075,11.9675
6126,Stenkumla,Stenkumla socken,historical administrative division,57.5475,18.26833333
6127,Vasterhejde,Västerhejde socken,historical administrative division,57.58055556,18.24805556
6128,Karlstad,Karlstad,administrative territorial entity,59.387470608451,13.509980287639
6132,Kominejo,Komine Castle,fortification,37.132624,140.213583
6133,Houffalize,Houffalize,city,50.13202,5.78936
6141,Brac,Brač,geographic location,43.311111111111,16.665555555556
6145,Sauerland,Sauerland,spatial region,51.25,8
6147,Teutoburgerwald,Teutoburg Forest,geographical feature,51.895555555556,8.8136111111111
6154,Schwarzwald,Black Forest,geographical feature,48.3,8.15
6161,Feldberg,Feldberg,natural geographic object,47.873611111111,8.0038888888889
6165,Khture,Kharkiv National University of Radioelectronics,publishing company,50.015,36.22777778
6169,Kharkivuniver,National University of Kharkiv,publishing company,50.004444444444,36.228333333333
6176,Pskov,Pskov,city,57.816666666667,28.333333333333
6186,Seine,Seine,stream,49.434722222222,0.1175
6188,Muhlhausen,Mühlhausen,city,51.216666666667,10.45
6194,Kothen,Köthen,city,51.7511111111111,11.9736111111111
6199,Minas Gerais,Minas Gerais,electoral unit,-18.95,-44.5666666666667
6203,Belo Horizonte,Belo Horizonte,city,-19.9280555555556,-43.9419444444444
6212,Ouro Preto,Ouro Preto,municipality,-20.385277777778,-43.503611111111
6217,Eisenach,Eisenach,city,50.974722222222,10.324444444444
6223,Leipzig,Leipzig,city,51.3406321,12.3747329
6234,Ecuador,Ecuador,state,-1,-78
6238,Quito,Quito,city,-0.22,-78.5125
6242,Vange,Vänge socken,historical administrative division,57.45194444,18.51138889
6243,Yucatan,Yucatan Peninsula,landform,19.5511111111111,-89.2963888888889
6246,Luneburg,Lüneburg,city,53.2525,10.414444444444
6258,Mexico,Mexico,state,23,-102
6271,Uggarde,Uggarde rojr,work of art,57.169798,18.438108
6274,Digerrojr,Digerrojr,work of art,57.3303509516022,18.6573902275402
6277,Majsterrojr,Majsterrojr,work of art,57.615292,18.733607
6280,Lejsturojr,Lejsturojr,work of art,57.18756,18.481301
6286,Lau,Lau socken,historical administrative division,57.28277778,18.62
6287,Masterby,Mästerby socken,historical administrative division,57.46972222,18.30388889
6288,Gnisvard,Gnisvärd,administrative territorial entity of Sweden,57.507222222222,18.112222222222
6292,Ostergarn,Östergarn socken,historical administrative division,57.42166667,18.85861111
6293,Yamagatashi,Yamagata,city,38.2554166666667,140.339611111111
6299,Peru,Peru,state,-9.4,-76
6304,Lima,Lima,city,-12.06,-77.0375
6312,Jiangnan Tianchi,Jiang Nan Tian Chi  observatory,observatory,30.469432,119.59975
6313,Moriyama,Moriyama,city,35.0589166666667,135.99425
6316,Ventoux,Mont Ventoux,natural geographic object,44.166666666667,5.2833333333333
6320,Vaucluse,Vaucluse,territorial collectivity of France,44,5.1666666666667
6326,Ceccano,Ceccano,municipality,41.566666666667,13.333333333333
6329,Kaiserstuhl,Kaiserstuhl,volcanic landform,48.083333333333,7.6666666666667
6335,Odenwald,Odenwald,landform,49.583993,9.021749
6340,Konigstuhl,Königstuhl,natural geographic object,49.3981,8.72611
6345,Spessart,Spessart,mountain range,49.9025,9.4286111111111
6347,Vogelsberg,Vogelsberg,landform,50.533333333333,9.2333333333333
6353,Alps,Alps,landform,46.5780555555556,8.615
6356,Mont Blanc,Mont Blanc,natural geographic object,45.8327777777778,6.865
6367,Appennino,Apennine Mountains,landform,42.4691666666667,13.5655555555556
6370,Gran Sasso,Gran Sasso d'Italia,landform,42.4691666666667,13.5652777777778
6373,Sonnenborgh,Utrecht Observatory,observatory,52.0853888888889,5.12919444444445
6377,Schelderode,Schelderode,human settlement,50.9708,3.7144
6380,KIAM,Keldysh Institute of Applied Mathematics,research institute,55.7762,37.5945
6384,Honduras,Honduras,state,14.633333,-86.816667
6389,Caracas,Caracas,city,10.5,-66.933333333333
6396,Cuba,Cuba,state,22,-79.5
6405,Havana,Havana,city,23.136666666667,-82.358888888889
6410,Hakkoda,Hakkōda Mountains,landform,40.6588888888889,140.877222222222
6417,Hachimantai,Hachimantai,natural geographic object,39.957777777778,140.85416666667
6422,Kariya,Kariya,city,34.9892777777778,137.002138888889
6426,Modra,Modra,city,48.333055555556,17.306944444444
6435,Ostravia,Ostrava,city,49.835555555556,18.2925
6451,Hayachine,Mount Hayachine,natural geographic object,39.558333333333,141.48888888889
6453,Ryokami,Mount Ryōkami,natural geographic object,36.023333,138.841389
6459,Yarigatake,Mount Yari,natural geographic object,36.341944444444,137.6475
6461,Hotakadake,Hotaka Mountains,natural geographic object,36.28916667,137.64805556
6463,Kirigamine,Mount Kirigamine,volcanic landform,36.1,138.167
6467,Tateshina,Mount Tateshina,volcanic landform,36.103611111111,138.295
6469,Oodaigahara,Mount Ōdaigahara,natural geographic object,34.11,136.03
6471,Kobushi,Mount Kobushi,natural geographic object,35.908889,138.728889
6473,Kinpu,Mount Kinpu,natural geographic object,35.8716666666667,138.625277777778
6475,Daibosatsu,Mount Daibosatsu,natural geographic object,35.748611,138.845278
6477,Milesovka,Milešovka,human-geographic territorial entity,50.5543092,13.9319625
6481,Merida,Mérida,city,8.5833333333333,-71.133333333333
6486,Mirna,Mirna,stream,45.335134,14.065794
6488,Etna,Mount Etna,volcano,37.7508345148182,14.9932202888121
6492,Salpetriere,Pitié-Salpêtrière Hospital,institution,48.837,2.365
6498,Santiago,Santiago,city,-33.4375,-70.65
6503,Piteglio,Piteglio,former municipality,44.033333333333,10.766666666667
6505,Formigine,Formigine,municipality,44.573888888889,10.847777777778
6508,Karlstejn,Karlštejn Castle,fortification,49.93955,14.187933
6509,NASA,National Aeronautics and Space Administration,government agency,38.8829444444445,-77.0162777777778
6511,Rasa,Raša,stream,45.03333333,14.05
6513,Hibiki,Hibiki Sea,sea area,34.16666667,130.75
6517,Akeback,Akebäck socken,historical administrative division,57.54722222,18.39222222
6518,Solikamsk,Solikamsk,administrative territorial entity,59.633333333333,56.766666666667
6525,Bautzen,Bautzen,city,51.181388888889,14.423888888889
6532,Monsummano,Monsummano Terme,municipality,43.866666666667,10.816666666667
6535,Miryang,Miryang,city,35.493333333333,128.74888888889
6540,Obu,Obu,city,35.0116666666667,136.963833333333
6544,Pezinok,Pezinok,city or town,48.2919444444445,17.2661111111111
6550,Brevard,Brevard County,county of the United States,28.3,-80.7
6551,Baton Rouge,Baton Rouge,city,30.4475,-91.178611111111
6564,Thunder Bay,Thunder Bay,city,48.3822,-89.2461
6571,Migaic,Moscow State University of Geodesy and Cartography,academic institution,55.76375278,37.66184444
6574,Baumanka,Bauman Moscow State Technical University,publishing company,55.765833333333,37.684722222222
6579,Nauchnyj,Nauchnyi,administrative divisions of Russia,44.725833333333,34.011666666667
6583,Shoumen,Shumen University,scientific organization,43.279915,26.946383
6588,Rhone,Rhône,stream,46.5742,8.3804
6590,Hanamiyama,Hanamiyama Park,facility,37.739833,140.4945
6595,Nicaragua,Nicaragua,state,13,-85
6599,Piedade,Serra da Piedade,natural geographic object,-19.820833333333,-43.67875
6603,Wiesloch,Wiesloch,city,49.294166666667,8.6983333333333
6607,Orinoco,Orinoco River,stream,8.56,-60.5
6609,Mount Kent,Mount Kent Observatory,observatory,-27.7977,151.8554
6610,Fermilab,Fermilab,scientific organization,41.831944444444,-88.257222222222
6614,Kitahiroshima,Kitahiroshima,city,42.9855,141.563083333333
6617,Amiens,Amiens,city,49.891944444444,2.2977777777778
6625,Ulm,Ulm,city,48.39841,9.99155
6640,Pazin,Pazin,second-level administrative division,45.239166666667,13.938611111111
6644,Bozar,Palace of Fine Arts,cultural center,50.843713888889,4.359775
6646,IJzer,Yser,stream,51.152777777778,2.7230555555556
6650,Laon,Laon,territorial collectivity of France,49.563333333333,3.6236111111111
6657,Reims,Reims,city,49.265277777778,4.0286111111111
6665,Chaumont,Chaumont,territorial collectivity of France,48.110833333333,5.1386111111111
6672,Verdun,Verdun,territorial collectivity of France,49.159722222222,5.3827777777778
6679,Bogota,Bogotá,city,4.60971,-74.08175
6692,Carloo,Saint-Job - Sint-Job,neighborhood,50.7942,4.3667
6693,Stalle,Stalle,neighborhood,50.7986,4.3333
6694,Toyako,Lake Tōya,volcanic landform,42.583333333333,140.85
6697,Unilandes,University of the Andes,publishing company,8.61833333333333,-71.1394444444445
6700,Cochabamba,Cochabamba,city,-17.3935419,-66.1570139
6705,Niagara Falls,Niagara Falls,point of interest,43.08,-79.071
6711,Ecoadachi,Adachi-ku,second-level administrative division,35.7749444444444,139.804361111111
6714,Sirataka,Shirataka,second-level administrative division,38.1830833333333,140.098555555556
6717,Perth Amboy,Perth Amboy,city in the United States,40.519444444444,-74.275277777778
6720,Zachotin,Zachotín,municipality,49.462387792686,15.347916980358
6728,Tanais,Don,stream,54.0122,38.2778
6730,Split,Split,city,43.51,16.44
6735,Edmond,Edmond,city,35.6571388888889,-97.4649166666667
6738,Makarska,Makarska,second-level administrative division,43.293055555556,17.02
6742,LONEOS,Lowell Observatory Near-Earth-Object Search,survey,35.202777777778,-111.66444444444
6745,Bergen op Zoom,Bergen op Zoom,city,51.5,4.3
6752,Breda,Breda,city,51.5888888888889,4.77583333333333
6760,Kamihayashi,Kamihayashi,former municipality,38.1828333333333,139.456444444444
6762,Yangtze,Yangtze,stream,30.5750879865093,113.291515656897
6764,Kamenny Ujezd,Kamenný Újezd,municipality,48.897610062941,14.446387095928
6769,Torun,Toruń,city,53.016666666667,18.616666666667
6778,Zurich,Zurich,city,47.3744444444444,8.54111111111111
6785,Durance,Durance,stream,44.8936,6.7214
6787,Tarn,Tarn,stream,44.415,3.8142
6789,Gardon,Gardon,stream,44.2461,3.7308
6791,Potosi,Potosí,city,-19.5891666666667,-65.7533333333333
6798,Pondicherry,Puducherry,territory,11.93,79.83
6801,Tobolsk,Tobolsk,administrative territorial entity,58.195277777778,68.258055555556
6808,Cavezzo,Cavezzo,municipality,44.83703,11.03071
6811,Okinawa,Okinawa Prefecture,region,26.2122222222222,127.680833333333
6816,Tamagawa,Tamagawa,former municipality,34.0191111111111,132.941666666667
6818,Alpbach,Alpbach,LAU 2,47.398611111111,11.943888888889
6824,Marne,Marne,stream,47.818333333333,5.35
6826,Sabadell,Sadabell Astronomical Society,observatory,41.551194,2.091453
6828,Margalida,Santa Margalida,LAU 2,39.703333333333,3.1036111111111
6833,Enid,Enid,seat,36.39675,-97.8791388888889
6839,Treiso,Treiso,municipality,44.689222222222,8.0869722222222
6842,Guayaquil,Guayaquil,city,-2.19,-79.8875
6848,Manila,Manila,city,14.5958333333333,120.977222222222
6853,Lisbon,Lisbon,city,38.708042,-9.139016
6862,Shinanogawa,Shinano River,stream,37.388056,138.810833
6864,Borbona,Borbona,municipality,42.516666666667,13.133333333333
6867,Kongozan,Mount Kongō,natural geographic object,34.420277777778,135.67166666667
6869,Roquebrune,Roquebrune-sur-Argens,territorial collectivity of France,43.443333333333,6.6377777777778
6876,Hrazany,Hrazany,municipality,49.522914824889,14.334914259547
6881,Vesuvius,Mount Vesuvius,natural geographic object,40.821388888889,14.425555555556
6887,Univinnitsa,Vinnytsia State Pedagogical University,academic institution,49.24172,28.496384
6890,Peterhof,Peterhof Palaces as complex,human-geographic territorial entity,59.88629,29.909722
6894,Charleville,Charleville,city or town,-26.4,146.25
6896,Kannami,Kannami,second-level administrative division,35.0889444444444,138.953388888889
6899,Hiwasa,Hiwasa,former municipality,33.7345833333333,134.535416666667
6901,Jomonaomori,Aomori Prefecture,region,40.8246111111111,140.740555555556
6906,Amedee,Amédée lighthouse,signal tower,-22.477245,166.468131
6908,Oaxaca,Oaxaca,federated state,17.055,-96.6538888888889
6911,Polytech,Peter the Great Saint Petersburg State Polytechnical University,architectural structure,60.006174,30.376682
6921,Tokigawa,Tokigawa,second-level administrative division,36.0086111111111,139.296805555556
6924,Ogawamachi,Ogawamachi,human settlement,35.6948055555556,139.763669444444
6926,Higashichichibu,Higashichichibu,second-level administrative division,36.0581666666667,139.194638888889
6929,Laval,Laval University,public university,46.78,-71.274722222222
6934,Fujimimachi,Fujimi,second-level administrative division,35.9145833333333,138.240666666667
6937,Ural,Ural River,stream,54.7008,59.4173
6939,Irtish,Irtysh,stream,47.414527777778,90.215544444444
6941,Flensburg,Flensburg,city,54.781944444444,9.4366666666667
6945,Lijiang,Lijiang,city,26.880833333333,100.22083333333
6952,Gregoriana,Pontifical Gregorian University,higher education institution,41.898888888889,12.484722222222
6957,Aizu,Aizu,region,37.487583,139.930042
6961,GAISH,Sternberg Astronomical Institute,scientific organization,55.70105557,37.5428889
6963,Hoher List,Hoher List Observatory,observatory,50.16166667,6.84861111
6964,Kanazawashi,Kanazawa,city,36.5610555555556,136.6565
6971,Hidatakayama,Hida,city,36.2381388888889,137.186222222222
6977,Kamchatka,Kamchatka Peninsula,landform,57160,
6980,TRIUMF,TRIUMF,group of humans,49.2478,-123.231
6987,Pocatky,Počátky,municipality of the Czech Republic,49.26025831618,15.240244533546
6995,Fuzhou,Fuzhou,city,26.076944444444,119.29166666667
7001,Decines,Décines-Charpieu,territorial collectivity of France,45.768611111111,4.9588888888889
7008,Heddal,Heddal,geographical feature,59.5826783095331,9.16654032830114
7011,Capodimonte,Astronomical Observatory of Capodimonte,architectural structure,40.86286111,14.25505556
7014,Kolyma,Kolyma,stream,62.2919,147.7325
7016,Innsbruck,Innsbruck,city,47.268333333333,11.393333333333
7033,Assisi,Assisi,municipality,43.07,12.6175
7036,Hanazukayama,Mount Hanazuka,natural geographic object,37.653278,140.668194
7038,Lucca,Lucca,municipality,43.85,10.516666666667
7045,Sydney,Sydney,city,-33.8677777777778,151.21
7056,Goloseevo,Main Astronomical Observatory of the National Academy of Sciences of Ukraine,observatory,50.36388889,30.49722222
7057,Girraween,Girraween National Park,administrative territorial entity,-28.7742,151.912
7066,Yamaguchi,Yamaguchi Prefecture,region,34.1861111111111,131.470277777778
7071,Ispahan,Isfahan,city,32.6525,51.675
7077,Rokycany,Rokycany,municipality of the Czech Republic,49.742793661264,13.594638741285
7090,Hluboka,Hluboká nad Vltavou,municipality of the Czech Republic,49.052328810727,14.434283204502
7099,Carmagnola,Carmagnola,municipality,44.846947,7.717874
7102,Bluepeter,Blue Peter,television program,51.5106,-0.2276
7104,Buzios,Armação dos Búzios,municipality,-22.746944444444,-41.881944444444
7109,Univbalttech,Baltic State Technical University,academic institution,59.9158,30.3201
7112,Plesetsk,Plesetsk Cosmodrome,launch site,62.916667,40.516667
7114,Le Procope,Café Procope,facility,48.853055555556,2.33875
7120,Nayoro,Nayoro,city,44.3559444444445,142.463194444444
7123,Piyashiriyama,Mount Piyashiri,natural geographic object,44.433611111111,142.58416666667
7125,Oka,Oka,stream,52.3624,36.2223
7127,Passau,Passau,city,48.5748229,13.4609744
7136,Fuuren,Fūren,former municipality,44.2922222222222,142.414138888889
7138,Usman'grad,Usman,administrative territorial entity,52.05,39.733333333333
7144,Shumarinaiko,Shumarinai Prefectural Natural Park,nature park,44.308333333333,142.18138888889
7145,Ob,Ob,stream,52.4322,84.9853
7147,Sorachi,Sorachi district,administrative territorial entity of Japan,43.44,142.45
7149,Vistula,Vistula,stream,49.6058333333333,19.0036111111111
7153,Seiwa,Seiwa,former municipality,34.4613055555556,136.459472222222
7155,Ka-Dar,Ka-Dar Observatory,observatory,55.24775,37.88341667
7156,Petrinpragensis,Petřín,natural geographic object,50.0816666666667,14.3944444444444
7158,Galapagos,Galapagos Islands,point of interest,-0.66666666666667,-90.55
7164,Lozere,Mont Lozère,protected area,44.427222222222,3.7366666666667
7169,Tsinghua,Tsinghua University,university,40116.3266666667,
7178,Charleroi,Tchålerwè,human settlement,50.41136,4.44448
7181,Stekene,Stekene,LAU 2,51.2061,4.04
7187,Dobrichovice,Dobřichovice,municipality of the Czech Republic,49.927572663242,14.27475687167
7194,Mount Stromlo,Mount Stromlo Observatory,observatory,-35.320277777778,149.00694444444
7200,Houkidaisen,Daisen,volcano,35.371111,133.546389
7202,Kanagawa,Kanagawa Prefecture,region,35.44775,139.642527777778
7207,Hakodate,Hakodate,city,41.7686666666667,140.728916666667
7219,Wolfratshausen,Wolfratshausen,city,47.913333333333,11.427777777778
7222,Strakonice,Strakonice,municipality of the Czech Republic,49.261497897079,13.902396874574
7233,Kinkakuji,Kinkaku-ji,garden,35.0395,135.7285
7238,Segenthau,Șagu,LAU 2,46.038925,21.301278
7242,Champigneulles,Champigneulles,territorial collectivity of France,48.733611111111,6.1644444444444
7249,Villedepompey,Pompey,territorial collectivity of France,48.768055555556,6.1275
7256,Atacama,Atacama Desert,landform,-24.5,-69.25
7263,Pontremoli,Pontremoli,municipality,44.376111111111,9.8799
7266,Olathe,Olathe,city,38.8808,-94.8031
7273,Alaska,Alaska,electoral unit,64,-150
7280,Zhongkeda,University of Science and Technology of China,academic institution,31.8416666666667,117.258888888889
7287,Xinglong,Xinglong County,county-level division,40.41564,117.4942
7288,Aizunisshinkan,Nisshinkan,school,37.55883333,139.94447222
7290,Niigata,Niigata Prefecture,region,37.9024722222222,139.023166666667
7295,Auckland,Auckland,city,-36.8491666666667,174.765277777778
7304,Iwate,Iwate Prefecture,region,39.7035,141.152722222222
7309,Basodino,Basòdino,natural geographic object,46.411555555556,8.4684333333333
7311,Tochigi,Tochigi Prefecture,region,36.5655555555556,139.883527777778
7316,Balears,Balearic Islands,landmass,39.5,3
7318,Klagenfurt,Klagenfurt am Wörthersee,city,46.616666666667,14.3
7330,Stavby,Stavby,administrative territorial entity of Sweden,60.009966173008,17.964566435129
7332,Bialystock,Białystok,city,53.116666666667,23.166666666667
7344,Takasago,Takasago,city,34.7659444444444,134.790638888889
7348,Ryugatake,Ryūgatake,former municipality,32.3942222222222,130.389555555556
7350,Costitx,Costitx,LAU 2,39.6575,2.95
7355,Yakushima,Yakushima National Park,administrative territorial entity,30.337306,130.503833
7362,Pic-du-Midi,Pic du Midi de Bigorre,natural geographic object,42.937222222222,0.14111111111111
7365,Rimavska Sobota,Rimavská Sobota,city or town,48.3814305555556,20.0199638888889
7371,Lazio,Lazio,first-level administrative division,41.9,12.716666666667
7376,Chibaken,Chiba Prefecture,region,35.6045833333333,140.123194444444
7381,Noto,Noto Peninsula,landform,37.2,136.9
7384,Senec,Senec,city or town,48.218888888889,17.399722222222
7390,Fountainhills,Fountain Hills,town,33.604722222222,-111.72861111111
7392,Nemrut Dagi,Nemrut,location of discovery,38.62257,42.24668
7399,Rugen,Rügen,geographic location,54.45,13.4
7405,Chelyabinsk,Chelyabinsk,city,55.15,61.4
7410,Kamikouchi,Kamikochi,point of interest,36.246969444444,137.63333333333
7418,Jonan,Jōnan,former municipality,32.7090555555556,130.728555555556
7420,Jizni Cechy,Jižní Čechy,spatial region,48.9844475,14.2269667
7422,Shirakamisanchi,Shirakami-Sanchi,landform,40.47,140.13
7428,Nitta-machi,Nitta,former municipality,36.3016944444444,139.298138888889
7430,Banat,Banat,region,45.7,20.9
7434,Jindrichuvhradec,Jindřichův Hradec,municipality of the Czech Republic,49.144110393651,15.003024549245
7445,Orus,Orus,territorial collectivity of France,42.781944444444,1.5075
7452,Stiavnica,Banská Štiavnica,city or town,48.458611111111,18.893055555556
7459,Nevadodelruiz,Nevado del Ruiz,volcanic landform,4.8925,-75.323611111111
7463,Bodensee,Lake Constance,administrative territorial entity of Switzerland,47.65,9.31666666666667
7470,Nove Hrady,Nové Hrady,municipality of the Czech Republic,48.789702265925,14.778383079905
7478,Nakadori,Naka-dōri,region,37.55,140.39
7479,Sikhote-Alin,Sikhote-Alin,landform,45.333,136.167
7482,Rikuzentakata,Rikuzentakata,city,39.0204166666667,141.633055555556
7485,Sigiriya,Sigiriya,geographical feature,7.9569444444444,80.759722222222
7490,Tsunanmachi,Tsunan,second-level administrative division,37.0142777777778,138.652527777778
7493,Nyrola,Nyrölä,locality,62.36306944,25.48313056
7499,Nisyros,Nisyros,geographic location,36.586,27.16
7503,Abukumado,Abukuma-do,human-geographic territorial entity,37.344716666667,140.67347222222
7508,Alpiapuane,Apuan Alps,landform,43.95,10.216667
7511,Duna,Daugava,stream,56.8555408055556,32.5416876944444
7517,Songyuan,Songyuan,city,45.1388,124.808
7520,Horgos,Horgoš,human settlement,46.155555555556,19.9725
7527,Farpoint,Farpoint Observatory,observatory,38.8903,-96.0025
7528,Krivan,Kriváň,natural geographic object,49.1628335,20.000047
7530,Anzhenhosp,Beijing Anzhen Hospital,institution,39.971532,116.397096
7538,Sevnatu,Sevastopol State University,academic institution,44.5945,33.477
7541,Evpatoria,Yevpatoriia,city,45.2,33.358333333333
7552,Balaklava,Balaklava,administrative divisions of Russia,44.505344,33.597952
7557,Philae,Philae,geographic location,24.02174,32.88891
7563,Elyu-Ene,Lena River,stream,53.935555555556,108.09194444444
7565,Mitau,Jelgava,city,56.652222222222,23.724444444444
7569,Nemsu,New Mexico State University,publishing company,32.283,-106.748
7576,Presque Isle,University of Maine at Presque Isle,academic institution,46.6708,-68.0167
7581,Kurland,Courland,spatial region,57,22
7583,Babote,Tour de la Babotte,observatory,43.606419444444,3.8773611111111
7586,Akayu,Akayu,former municipality,38.0551111111111,140.148305555556
7588,Xiada,Xiamen University,university,24.44,118.09
7599,Kamishi,Kami,city,33.6036944444444,133.686055555556
7602,Otakasakajyo,Kōchi Castle,fortification,33.561111111111,133.53138888889
7604,Bormio,Bormio,municipality,46.469248,10.372171
7607,Miyauchi,Miyauchi,former municipality,38.0767222222222,140.138638888889
7609,Bastei,Bastei,natural geographic object,50.966666666667,14.066666666667
7611,Stromboli,Stromboli,geographic location,38.804,15.2233
7615,Bolshoi,Bolshoi Theatre,group of humans,55.7602777777778,37.6186111111111
7629,Kushiike,Kushiike,former municipality,37.0336666666667,138.381916666667
7631,Sarapul,Sarapul,administrative territorial entity,56.466666666667,53.8
7638,Pianoro,Pianoro,municipality,44.383333333333,11.333333333333
7641,Samara,Samara,stream,52.056944444444,54.566666666667
7643,Maldives,Maldives,state,4.18,73.51
7650,Orenburg,Orenburg,city,51.766666666667,55.1
7658,Ekaterinburg,Yekaterinburg,city,56.8355555555556,60.6127777777778
7666,Suyumbika,Söyembikä Tower,architectural structure,55.800525,49.105194444444
7669,Azusagawa,Azusa River,stream,36.27597,137.94305
7673,Atapuerca,Atapuerca,archaeological site,42.350092,-3.519466
7674,Giussano,Giussano,municipality,45.7,9.2166666666667
7677,Remanzacco,Remanzacco,municipality,46.083333333333,13.316666666667
7680,Bandos,Bandos Island,geographic location,4.26916667,73.49111111
7684,Galhassin,Osservatorio astronomico di Isnello,architectural structure,37.939309,14.021137
7688,Szeged,Szeged,city,46.25,20.166666666667
7704,Muskau,Muskau Park,facility,51.547559,14.723229
7709,Udinsk,Ulan-Ude,city,51.827222222222,107.60638888889
7716,Fichtelberg,Fichtelberg,natural geographic object,50.429444444444,12.954166666667
7718,Wykrota,Wykrota Observatory-CEAMIG,observatory,-19.8862945773342,-43.6241913529178
7719,Olomouc,Olomouc,city,49.593888888889,17.250833333333
7739,Gongju,Gongju,city,36.455555555556,127.12472222222
7747,Kromeriz,Kroměříž,municipality of the Czech Republic,49.297859972783,17.393134863736
7760,Itaparica,Observatório Astronômico do Sertão de Itaparica,observatory,-8.79222222222222,-38.6883333333333
7761,Everest,Mount Everest,natural geographic object,27.9880555555556,86.925
7763,Ogunimachi,Oguni,former municipality,37.305353,138.708572
7765,Nagai,Nagai,city,38.1075,140.040527777778
7768,Frasso Sabino,Frasso Sabino,municipality,42.229723,12.804969
7771,Decatur,Decatur,city,34.580992,-86.983392
7774,Nacogdoches,Nacogdoches,seat,31.608888888889,-94.650833333333
7780,Tartu,Tartu,city,58.38,26.7225
7787,Lexington,Lexington,town in the United States,42.4475,-71.2275
7789,Hukvaldy,Hukvaldy Castle,fortification,49.62108333,18.22777778
7793,Piszkesteto,Piszkés-tető,natural geographic object,47.916944444444,19.895
7795,Krasnoyarsk,Krasnoyarsk,city,56.0088888888889,92.8719444444444
7802,Tesinsko,Duchy of Teschen,former administrative territorial entity,49.7498,18.6294
7804,Velehrad,Velehrad,municipality,49.1054368463,17.394271564616
7809,Mosigkau,Schloss Mosigkau,organization,51.806,12.1508
7813,Casablanca,Casablanca,city,33.599166666667,-7.62
7817,Secinaro,Secinaro,municipality,42.153888888889,13.681666666667
7820,Winterthur,Winterthur,city,47.4992,8.72671
7826,Pichincha,Pichincha Volcano,natural geographic object,-0.17722222222222,-78.598888888889
7829,Hawaii,Hawaii,island,19.59,-155.435
7831,Kazanuniversity,Kazan Federal University,public university,55.79075,49.121911111111
7832,Hanggao,Hangzhou High School,secondary school,30.26722222,120.16722222
7833,Ehime,Ehime Prefecture,region,33.8413888888889,132.765555555556
7838,Cortina,Cortina d'Ampezzo,municipality,46.538333,12.137351
7841,Biblialexa,Bibliotheca Alexandrina,government agency,31.208888888889,29.909166666667
7850,Oberammergau,Oberammergau,municipality in Germany,47.596666666667,11.064444444444
7851,Akaishidake,Mount Akaishi,natural geographic object,35.461111111111,138.15722222222
7853,Sundaigakuen,Sundaigakuen,secondary school,35.7605,139.739444
7854,Magdeburg,Magdeburg,city,52.1315889,11.6399609
7867,Mesopotamia,Mesopotamia,region,33.7,43.5
7876,Dolomiten,Dolomites,landform,46.613056,12.163056
7882,Senftenberg,Žamberk,municipality of the Czech Republic,50.086040466117,16.467445454592
7892,Las Cruces,Las Cruces,seat,32.3140277777778,-106.779805555556
7898,Jerusalem,Jerusalem,city,31.7788888888889,35.2255555555556
7902,Noshiro,Noshiro,city,40.2117777777778,140.027083333333
7905,Tsniimash,TsNIIMash,scientific organization,55.913587,37.807368
7910,Echizenmisaki,Cape Echizen,coast,35.981667,135.9575
7912,Carpi,Carpi,municipality,44.783333333333,10.885
7915,Aradac,Aradac,locality,45.376388888889,20.300833333333
7918,Sfasu,Stephen F. Austin State University,academic institution,31.6191666666667,-94.6483333333333
7923,Kimotsuki,Kimotsuki,second-level administrative division,31.3444444444444,130.945222222222
7926,Begues,Begues Observatory,observatory,41.331847222222,1.9206
7927,Safi,Safi,city,32.283333333333,-9.2333333333333
7933,Openuni,The Open University,publishing company,52.025,-0.70555555555556
7943,Cranbrook,Cranbrook Educational Community,private educational institution,42.567611,-83.243583
7945,Caripito,Caripito,city,10.1123858,-63.103437
7949,Polynesia,French Polynesia,territorial collectivity of France,-17.5333333333333,-149.566666666667
7952,Las Vegas,Las Vegas Valley,metropolitan area,36.1318,-115.184
7954,Catalina,Catalina Sky Survey,survey,32.417,-110.73263889
7957,Table Mountain,Table Mountain Observatory,observatory,34.382,-117.682
7958,Porrentruy,Porrentruy,LAU 2,47.416666666667,7.0833333333333
7961,Taj Mahal,Taj Mahal,point of interest,27.175,78.0419444444444
7970,Moutier,Moutier,LAU 2,47.280277777778,7.3708333333333
7973,Caprese,Caprese Michelangelo,municipality,43.640833333333,11.985833333333
7976,Flanders,Flanders,territory,51,4.5
7977,Hoshitori,Tottori Prefecture,region,35.5038888888889,134.2375
7982,CVUT,Czech Technical University in Prague,publishing company,50.1021666666667,14.3884722222222
7988,Protezionecivile,Protezione Civile,government agency,41.958,12.486
7989,Eschenberg,Eschenberg Observatory,observatory,47.474694,8.742806
7990,Poznanuni,Adam Mickiewicz University in Poznań,publishing company,52.4047,16.9155
7994,Obsfabra,Fabra Observatory,observatory,41.418333333333,2.1241666666667
7996,Uofalberta,University of Alberta,public university,53.524444444444,-113.52444444444
8006,Alpes-Maritimes,Alpes-Maritimes,territorial collectivity of France,43.833333333333,7.1666666666667
8012,Sadamisaki,Sadamisaki Peninsula,landform,33.433333333333,132.21666666667
8015,NAOJ,National Astronomical Observatory of Japan,observatory,34.5761,133.594
8018,Luxor,Luxor,city,25.6966666666667,32.6444444444444
8025,Sacromonte,Sacro Monte di Varese,geographical feature,45.854608,8.794576
8035,Zhytomyr,Zhytomyr,city,50.254444444444,28.657777777778
8042,Zambujal,Castro of Zambujal,location of discovery,39.0744285583496,-9.28577709197998
8049,Barmen,Barmen,human-geographic territorial entity,51.266666666667,7.2
8051,LINEAR,Lincoln Near-Earth Asteroid Research,survey,33.81813889,-106.65916667
8054,Amanohashidate,Amanohashidate,landform,35.56956111,135.19200833
8057,Jiaxingnanhu,South Lake,landform,30.759204,120.754765
8062,Carora,Carora,city,10.169166666667,-70.078333333333
8067,Ottmarsheim,Ottmarsheim,territorial collectivity of France,47.787222222222,7.5102777777778
8074,Snowdonia,Snowdon,natural geographic object,53.068863888889,-4.0755888888889
8080,Tapolca,Tapolca,city,46.882777777778,17.441111111111
8083,Andrushivka,Andrushivka Astronomical Observatory,observatory,50.000580555556,28.9973
8084,Uvic,University of Victoria,publishing company,48.4633333333333,-123.311666666667
8090,Stabia,Castellammare di Stabia,municipality,40.6947222222222,14.4802777777778
8097,Verkhivnya,Verkhivnya,locality,49.804444444444,29.312777777778
8103,Sopron,Sopron,first-level administrative division,47.683333333333,16.583333333333
8105,Bakonybel,Bakonybél,third-level administrative division,47.25285,17.729580555556
8108,Mecsek,Mecsek,landform,46.16083333,18.31416667
8114,Canaryastroinst,Instituto de Astrofísica de Canarias,group of humans,28.474622222222,-16.308091666667
8122,Zvyagel,Zviahel,second-level administrative division,50.583333333333,27.633333333333
8125,Balearicuni,University of the Balearic Islands,publishing company,39.6380555555556,2.64805555555556
8128,NIGLAS,Nanjing Institute of Geography and Limnology,scientific organization,32.058106,118.805374
8130,Suzaka,Suzaka,city,36.6511111111111,138.30725
8133,Avila,Ávila,city,40.654347222222,-4.6962222222222
8142,Qingdao,Qingdao,city,36.116666666667,120.4
8152,Kedainiai,Kėdainiai,city,55.2833333333333,23.9666666666667
8159,Castion,Castiglione dei Pepoli,municipality,44.15,11.15
8162,Eberstadt,Eberstadt,geographic location,49.8189,8.645
